scenario,mean_value_decision,stochastic_decision,gain_of_stochastic_decision
0,331.5652775994647,349.02462217305214,17.45934457358743
1,398.06398394978373,380.6046393761965,-17.45934457358726
2,196.4913799526355,213.95072452622293,17.45934457358743
3,356.40626987677774,373.8656144503652,17.45934457358743
4,398.06398394978373,380.6046393761965,-17.45934457358726
5,398.06398394978373,380.6046393761965,-17.45934457358726
6,133.78296603453805,151.24231060812548,17.45934457358743
7,152.30401979697322,169.76336437056065,17.45934457358743
8,82.87583420272036,100.33517877630779,17.45934457358743
9,398.06398394978373,380.6046393761965,-17.45934457358726
10,92.34985164509922,109.80919621868665,17.45934457358743
11,344.27720070118835,361.7365452747758,17.45934457358743
12,398.06398394978373,380.6046393761965,-17.45934457358726
13,398.06398394978373,380.6046393761965,-17.45934457358726
14,398.06398394978373,380.6046393761965,-17.45934457358726
15,270.04023639385946,287.4995809674469,17.45934457358743
16,398.06398394978373,380.6046393761965,-17.45934457358726
17,398.06398394978373,380.6046393761965,-17.45934457358726
18,367.4262755903711,380.6046393761965,13.178363785825354
19,398.06398394978373,380.6046393761965,-17.45934457358726
20,307.4012159685068,324.8605605420943,17.459344573587487
21,372.8884599251461,380.6046393761965,7.71617945105038
22,398.06398394978373,380.6046393761965,-17.45934457358726
23,398.06398394978373,380.6046393761965,-17.45934457358726
24,196.2773479949669,213.73669256855433,17.45934457358743
25,110.95193879165959,128.41128336524702,17.45934457358743
26,382.064312063884,380.6046393761965,-1.4596726876875437
27,398.06398394978373,380.6046393761965,-17.45934457358726
28,398.06398394978373,380.6046393761965,-17.45934457358726
29,398.06398394978373,380.6046393761965,-17.45934457358726
30,246.6958858025893,264.15523037617675,17.459344573587458
31,398.06398394978373,380.6046393761965,-17.45934457358726
32,398.06398394978373,380.6046393761965,-17.45934457358726
33,398.06398394978373,380.6046393761965,-17.45934457358726
34,302.92941825890443,320.38876283249186,17.45934457358743
35,398.06398394978373,380.6046393761965,-17.45934457358726
36,299.8023001445158,317.2616447181032,17.459344573587373
37,49.583116233415026,67.04246080700246,17.45934457358743
38,398.06398394978373,380.6046393761965,-17.45934457358726
39,132.15711671813975,149.61646129172718,17.45934457358743
40,303.6176815682352,321.07702614182256,17.459344573587373
41,307.35233121062225,324.8116757842097,17.45934457358743
42,303.25393412421323,320.71327869780066,17.45934457358743
43,313.5982064157038,331.05755098929126,17.45934457358743
44,108.77757338149728,126.2369179550847,17.45934457358743
45,398.06398394978373,380.6046393761965,-17.45934457358726
46,381.42979403460834,380.6046393761965,-0.8251546584118614
47,384.0010738808953,380.6046393761965,-3.3964345046988456
48,398.06398394978373,380.6046393761965,-17.45934457358726
49,398.06398394978373,380.6046393761965,-17.45934457358726
50,398.06398394978373,380.6046393761965,-17.45934457358726
51,398.06398394978373,380.6046393761965,-17.45934457358726
52,398.06398394978373,380.6046393761965,-17.45934457358726
53,93.7906523437679,111.24999691735533,17.45934457358743
54,398.06398394978373,380.6046393761965,-17.45934457358726
55,377.4329313338808,380.6046393761965,3.171708042315686
56,390.29913050599504,380.6046393761965,-9.694491129798564
57,249.6593516704113,267.1186962439987,17.45934457358743
58,197.06309849221876,214.5224430658062,17.45934457358743
59,398.06398394978373,380.6046393761965,-17.45934457358726
60,398.06398394978373,380.6046393761965,-17.45934457358726
61,158.38476822316304,175.84411279675047,17.45934457358743
62,398.06398394978373,380.6046393761965,-17.45934457358726
63,337.1078663139367,354.56721088752414,17.45934457358743
64,291.36828386725585,308.82762844084334,17.459344573587487
65,398.06398394978373,380.6046393761965,-17.45934457358726
66,362.90444272328284,380.3637872968702,17.459344573587373
67,258.3864765339264,275.84582110751387,17.459344573587487
68,387.0185619124152,380.6046393761965,-6.413922536218706
69,31.644042809379386,49.103387382966815,17.45934457358743
70,250.745263643276,268.20460821686345,17.459344573587458
71,280.3023419664474,297.7616865400348,17.45934457358743
72,113.80112373282986,131.2604683064173,17.45934457358743
73,398.06398394978373,380.6046393761965,-17.45934457358726
74,398.06398394978373,380.6046393761965,-17.45934457358726
75,247.78319608317048,265.2425406567579,17.45934457358743
76,334.81269296942503,352.2720375430125,17.459344573587487
77,398.06398394978373,380.6046393761965,-17.45934457358726
78,398.06398394978373,380.6046393761965,-17.45934457358726
79,217.7448795554526,235.20422412904003,17.45934457358743
80,398.06398394978373,380.6046393761965,-17.45934457358726
81,398.06398394978373,380.6046393761965,-17.45934457358726
82,364.2474310523845,380.6046393761965,16.35720832381196
83,214.95036555165922,232.40971012524665,17.45934457358743
84,215.6329639167599,233.09230849034734,17.45934457358743
85,300.9528768080884,318.4122213816758,17.45934457358743
86,169.14050914129825,186.59985371488568,17.45934457358743
87,398.06398394978373,380.6046393761965,-17.45934457358726
88,251.3523006942473,268.8116452678347,17.4593445735874
89,398.06398394978373,380.6046393761965,-17.45934457358726
90,398.06398394978373,380.6046393761965,-17.45934457358726
91,398.06398394978373,380.6046393761965,-17.45934457358726
92,286.8876820795686,304.34702665315604,17.45934457358743
93,125.64051673071305,143.09986130430048,17.45934457358743
94,398.06398394978373,380.6046393761965,-17.45934457358726
95,350.95646422164,368.41580879522735,17.459344573587373
96,394.9722390505283,380.6046393761965,-14.367599674331814
97,398.06398394978373,380.6046393761965,-17.45934457358726
98,398.06398394978373,380.6046393761965,-17.45934457358726
99,398.06398394978373,380.6046393761965,-17.45934457358726
100,398.06398394978373,380.6046393761965,-17.45934457358726
101,398.06398394978373,380.6046393761965,-17.45934457358726
102,398.06398394978373,380.6046393761965,-17.45934457358726
103,398.06398394978373,380.6046393761965,-17.45934457358726
104,218.2583047185219,235.71764929210934,17.45934457358743
105,35.85178696704757,53.311131540635,17.45934457358743
106,316.53646680815024,333.99581138173767,17.45934457358743
107,161.42414036679443,178.88348494038186,17.45934457358743
108,398.06398394978373,380.6046393761965,-17.45934457358726
109,398.06398394978373,380.6046393761965,-17.45934457358726
110,398.06398394978373,380.6046393761965,-17.45934457358726
111,254.10579906199297,271.5651436355804,17.45934457358743
112,398.06398394978373,380.6046393761965,-17.45934457358726
113,66.7778595667522,84.23720414033963,17.45934457358743
114,139.59681106573186,157.0561556393193,17.45934457358743
115,211.50036707880105,228.95971165238848,17.45934457358743
116,180.61401199801827,198.0733565716057,17.45934457358743
117,398.06398394978373,380.6046393761965,-17.45934457358726
118,398.06398394978373,380.6046393761965,-17.45934457358726
119,398.06398394978373,380.6046393761965,-17.45934457358726
120,398.06398394978373,380.6046393761965,-17.45934457358726
121,398.06398394978373,380.6046393761965,-17.45934457358726
122,398.06398394978373,380.6046393761965,-17.45934457358726
123,336.12261324383877,353.5819578174262,17.45934457358743
124,228.6474595181931,246.10680409178053,17.45934457358743
125,94.1748945724617,111.63423914604913,17.45934457358743
126,195.8121951718493,213.27153974543674,17.45934457358743
127,287.45903917848386,304.9183837520713,17.45934457358743
128,398.06398394978373,380.6046393761965,-17.45934457358726
129,69.20868318170784,86.66802775529527,17.45934457358743
130,115.2548894143782,132.71423398796563,17.45934457358743
131,398.06398394978373,380.6046393761965,-17.45934457358726
132,165.3712199659713,182.83056453955874,17.45934457358743
133,398.06398394978373,380.6046393761965,-17.45934457358726
134,281.2693073765855,298.728651950173,17.459344573587487
135,216.71868155174784,234.17802612533526,17.45934457358743
136,120.27362425380986,137.7329688273973,17.45934457358743
137,347.67455729940235,365.1339018729898,17.45934457358743
138,220.89172234149714,238.35106691508457,17.45934457358743
139,242.27679470159407,259.7361392751815,17.4593445735874
140,237.71234521576585,255.17168978935328,17.45934457358743
141,398.06398394978373,380.6046393761965,-17.45934457358726
142,398.06398394978373,380.6046393761965,-17.45934457358726
143,65.3760882721988,82.83543284578623,17.45934457358743
144,332.9330667627671,350.39241133635454,17.45934457358743
145,398.06398394978373,380.6046393761965,-17.45934457358726
146,398.06398394978373,380.6046393761965,-17.45934457358726
147,398.06398394978373,380.6046393761965,-17.45934457358726
148,398.06398394978373,380.6046393761965,-17.45934457358726
149,149.86460137006767,167.3239459436551,17.45934457358743
150,213.18175228835585,230.64109686194328,17.45934457358743
151,398.06398394978373,380.6046393761965,-17.45934457358726
152,225.46466114107594,242.92400571466337,17.45934457358743
153,398.06398394978373,380.6046393761965,-17.45934457358726
154,398.06398394978373,380.6046393761965,-17.45934457358726
155,162.92995066718464,180.38929524077207,17.45934457358743
156,398.06398394978373,380.6046393761965,-17.45934457358726
157,343.39707496317544,360.8564195367629,17.459344573587487
158,398.06398394978373,380.6046393761965,-17.45934457358726
159,398.06398394978373,380.6046393761965,-17.45934457358726
160,261.56150005421637,279.0208446278038,17.45934457358743
161,398.06398394978373,380.6046393761965,-17.45934457358726
162,187.23762986225316,204.6969744358406,17.45934457358743
163,334.8685176515451,352.32786222513255,17.45934457358743
164,398.06398394978373,380.6046393761965,-17.45934457358726
165,398.06398394978373,380.6046393761965,-17.45934457358726
166,398.06398394978373,380.6046393761965,-17.45934457358726
167,189.08649094703446,206.5458355206219,17.45934457358743
168,46.66869022189972,64.12803479548715,17.45934457358743
169,290.75979669298954,308.21914126657697,17.45934457358743
170,191.60549091891886,209.0648354925063,17.45934457358743
171,225.82756870107073,243.28691327465816,17.45934457358743
172,398.06398394978373,380.6046393761965,-17.45934457358726
173,398.06398394978373,380.6046393761965,-17.45934457358726
174,329.9432110159921,347.40255558957955,17.45934457358743
175,105.00284378159563,122.46218835518306,17.45934457358743
176,125.37686497278642,142.83620954637385,17.45934457358743
177,398.06398394978373,380.6046393761965,-17.45934457358726
178,398.06398394978373,380.6046393761965,-17.45934457358726
179,305.96978826882946,323.4291328424169,17.45934457358743
180,398.06398394978373,380.6046393761965,-17.45934457358726
181,398.06398394978373,380.6046393761965,-17.45934457358726
182,398.06398394978373,380.6046393761965,-17.45934457358726
183,43.13279954763179,60.59214412121922,17.45934457358743
184,398.06398394978373,380.6046393761965,-17.45934457358726
185,398.06398394978373,380.6046393761965,-17.45934457358726
186,398.06398394978373,380.6046393761965,-17.45934457358726
187,398.06398394978373,380.6046393761965,-17.45934457358726
188,156.6218465613753,174.08119113496272,17.45934457358743
189,248.12716227059815,265.5865068441856,17.45934457358743
190,91.77819695810281,109.23754153169024,17.45934457358743
191,398.06398394978373,380.6046393761965,-17.45934457358726
192,398.06398394978373,380.6046393761965,-17.45934457358726
193,398.06398394978373,380.6046393761965,-17.45934457358726
194,178.3389137149285,195.79825828851594,17.45934457358743
195,150.22162096038343,167.68096553397086,17.45934457358743
196,398.06398394978373,380.6046393761965,-17.45934457358726
197,398.06398394978373,380.6046393761965,-17.45934457358726
198,398.06398394978373,380.6046393761965,-17.45934457358726
199,398.06398394978373,380.6046393761965,-17.45934457358726
200,100.84494544206859,118.30429001565602,17.45934457358743
201,398.06398394978373,380.6046393761965,-17.45934457358726
202,398.06398394978373,380.6046393761965,-17.45934457358726
203,273.2307838472218,290.69012842080923,17.45934457358743
204,37.44671216946004,54.90605674304747,17.45934457358743
205,398.06398394978373,380.6046393761965,-17.45934457358726
206,337.2671538099322,354.7264983835197,17.459344573587487
207,398.06398394978373,380.6046393761965,-17.45934457358726
208,-49.83181176774437,-32.37246719415694,17.45934457358743
209,398.06398394978373,380.6046393761965,-17.45934457358726
210,-56.31366247204714,-38.85431789845971,17.45934457358743
211,195.94042803292464,213.39977260651207,17.45934457358743
212,398.06398394978373,380.6046393761965,-17.45934457358726
213,50.444983080278746,67.90432765386618,17.45934457358743
214,45.29697767955591,62.75632225314334,17.45934457358743
215,273.41692674198254,290.87627131556997,17.45934457358743
216,398.06398394978373,380.6046393761965,-17.45934457358726
217,398.06398394978373,380.6046393761965,-17.45934457358726
218,242.88843895011982,260.3477835237072,17.4593445735874
219,398.06398394978373,380.6046393761965,-17.45934457358726
220,398.06398394978373,380.6046393761965,-17.45934457358726
221,398.06398394978373,380.6046393761965,-17.45934457358726
222,398.06398394978373,380.6046393761965,-17.45934457358726
223,221.0974870838961,238.55683165748354,17.45934457358743
224,398.06398394978373,380.6046393761965,-17.45934457358726
225,398.06398394978373,380.6046393761965,-17.45934457358726
226,398.06398394978373,380.6046393761965,-17.45934457358726
227,398.06398394978373,380.6046393761965,-17.45934457358726
228,-25.311572285715954,-7.852227712128524,17.45934457358743
229,139.5633424029848,157.02268697657223,17.45934457358743
230,398.06398394978373,380.6046393761965,-17.45934457358726
231,382.97463394954116,380.6046393761965,-2.369994573344684
232,45.218010184097295,62.677354757684725,17.45934457358743
233,336.48741968771225,353.9467642612997,17.45934457358743
234,290.80000434007036,308.25934891365785,17.459344573587487
235,356.084141210187,373.54348578377443,17.45934457358743
236,340.09760700116317,357.5569515747506,17.45934457358743
237,398.06398394978373,380.6046393761965,-17.45934457358726
238,398.06398394978373,380.6046393761965,-17.45934457358726
239,398.06398394978373,380.6046393761965,-17.45934457358726
240,154.24958044860136,171.7089250221888,17.45934457358743
241,195.80606417638833,213.26540874997576,17.45934457358743
242,231.94511744063917,249.4044620142266,17.45934457358743
243,354.6097404158773,372.0690849894647,17.45934457358743
244,277.0862771928462,294.5456217664336,17.45934457358743
245,292.482714077012,309.9420586505994,17.459344573587373
246,185.66275340639191,203.12209797997934,17.45934457358743
247,398.06398394978373,380.6046393761965,-17.45934457358726
248,398.06398394978373,380.6046393761965,-17.45934457358726
249,398.06398394978373,380.6046393761965,-17.45934457358726
250,349.45343119901383,366.9127757726013,17.459344573587487
251,398.06398394978373,380.6046393761965,-17.45934457358726
252,187.69815351516232,205.15749808874975,17.45934457358743
253,170.64086390981416,188.1002084834016,17.45934457358743
254,254.41058788264513,271.86993245623256,17.45934457358743
255,398.06398394978373,380.6046393761965,-17.45934457358726
256,334.6691981589428,352.12854273253015,17.459344573587373
257,149.3807869161375,166.84013148972494,17.45934457358743
258,388.7061715935598,380.6046393761965,-8.101532217363342
259,398.06398394978373,380.6046393761965,-17.45934457358726
260,398.06398394978373,380.6046393761965,-17.45934457358726
261,231.5577524835439,249.01709705713134,17.45934457358743
262,382.290301424665,380.6046393761965,-1.6856620484685436
263,278.5386377154854,295.99798228907275,17.459344573587373
264,297.89904613829344,315.3583907118809,17.45934457358743
265,347.84639116749497,365.30573574108246,17.459344573587487
266,398.06398394978373,380.6046393761965,-17.45934457358726
267,398.06398394978373,380.6046393761965,-17.45934457358726
268,398.06398394978373,380.6046393761965,-17.45934457358726
269,398.06398394978373,380.6046393761965,-17.45934457358726
270,282.9846294115801,300.44397398516753,17.45934457358743
271,301.53777944974775,318.99712402333523,17.459344573587487
272,310.42676233208726,327.8861069056747,17.45934457358743
273,398.06398394978373,380.6046393761965,-17.45934457358726
274,-57.79559741422126,-40.33625284063383,17.45934457358743
275,398.06398394978373,380.6046393761965,-17.45934457358726
276,28.860406906563952,46.31975148015138,17.45934457358743
277,367.3269653204676,380.6046393761965,13.27767405572888
278,398.06398394978373,380.6046393761965,-17.45934457358726
279,188.39732189267622,205.85666646626365,17.45934457358743
280,-6.024188281296432,11.435156292290998,17.45934457358743
281,398.06398394978373,380.6046393761965,-17.45934457358726
282,398.06398394978373,380.6046393761965,-17.45934457358726
283,398.06398394978373,380.6046393761965,-17.45934457358726
284,398.06398394978373,380.6046393761965,-17.45934457358726
285,207.36887730667792,224.82822188026535,17.45934457358743
286,398.06398394978373,380.6046393761965,-17.45934457358726
287,398.06398394978373,380.6046393761965,-17.45934457358726
288,398.06398394978373,380.6046393761965,-17.45934457358726
289,398.06398394978373,380.6046393761965,-17.45934457358726
290,398.06398394978373,380.6046393761965,-17.45934457358726
291,398.06398394978373,380.6046393761965,-17.45934457358726
292,216.98187184589256,234.44121641947999,17.45934457358743
293,398.06398394978373,380.6046393761965,-17.45934457358726
294,398.06398394978373,380.6046393761965,-17.45934457358726
295,398.06398394978373,380.6046393761965,-17.45934457358726
296,398.06398394978373,380.6046393761965,-17.45934457358726
297,398.06398394978373,380.6046393761965,-17.45934457358726
298,398.06398394978373,380.6046393761965,-17.45934457358726
299,262.0673262206533,279.52667079424066,17.459344573587373
300,398.06398394978373,380.6046393761965,-17.45934457358726
301,155.35034982771063,172.80969440129806,17.45934457358743
302,340.2745423252568,357.73388689884416,17.459344573587373
303,68.05850759474447,85.5178521683319,17.45934457358743
304,66.53793338540704,83.99727795899447,17.45934457358743
305,398.06398394978373,380.6046393761965,-17.45934457358726
306,349.97041268809573,367.4297572616832,17.459344573587487
307,387.5011807075466,380.6046393761965,-6.896541331350136
308,398.06398394978373,380.6046393761965,-17.45934457358726
309,398.06398394978373,380.6046393761965,-17.45934457358726
310,192.6403157019008,210.09966027548822,17.45934457358743
311,384.8943972218104,380.6046393761965,-4.289757845613906
312,353.2575670241612,370.71691159774855,17.459344573587373
313,259.7223572431669,277.18170181675436,17.45934457358743
314,340.6866245005914,358.1459690741789,17.459344573587487
315,290.25420361343555,307.713548187023,17.45934457358743
316,235.2524817470872,252.71182632067462,17.45934457358743
317,296.5784435104556,314.037788084043,17.459344573587373
318,398.06398394978373,380.6046393761965,-17.45934457358726
319,398.06398394978373,380.6046393761965,-17.45934457358726
320,204.79855108559255,222.25789565917998,17.45934457358743
321,398.06398394978373,380.6046393761965,-17.45934457358726
322,100.90036912209449,118.35971369568192,17.45934457358743
323,398.06398394978373,380.6046393761965,-17.45934457358726
324,296.7589846941048,314.21832926769224,17.45934457358743
325,398.06398394978373,380.6046393761965,-17.45934457358726
326,398.06398394978373,380.6046393761965,-17.45934457358726
327,398.06398394978373,380.6046393761965,-17.45934457358726
328,96.44834062382057,113.907685197408,17.45934457358743
329,398.06398394978373,380.6046393761965,-17.45934457358726
330,318.716415278416,336.1757598520034,17.45934457358743
331,398.06398394978373,380.6046393761965,-17.45934457358726
332,398.06398394978373,380.6046393761965,-17.45934457358726
333,398.06398394978373,380.6046393761965,-17.45934457358726
334,398.06398394978373,380.6046393761965,-17.45934457358726
335,337.37471385622763,354.83405842981506,17.45934457358743
336,398.06398394978373,380.6046393761965,-17.45934457358726
337,88.93010242993645,106.38944700352388,17.45934457358743
338,276.7206632006005,294.18000777418786,17.459344573587373
339,180.75909711238077,198.2184416859682,17.45934457358743
340,336.5079266527438,353.96727122633126,17.459344573587487
341,277.33846142338143,294.7978059969688,17.459344573587373
342,335.6078631789474,353.06720775253484,17.45934457358743
343,265.4498185120989,282.9091630856864,17.459344573587487
344,269.5215417643818,286.9808863379693,17.459344573587487
345,74.84098902034972,92.30033359393715,17.45934457358743
346,359.77019997782793,377.2295445514154,17.459344573587487
347,398.06398394978373,380.6046393761965,-17.45934457358726
348,245.1370463172108,262.59639089079826,17.459344573587458
349,233.79866304398652,251.25800761757395,17.45934457358743
350,236.0956851954566,253.55502976904404,17.45934457358743
351,398.06398394978373,380.6046393761965,-17.45934457358726
352,398.06398394978373,380.6046393761965,-17.45934457358726
353,398.06398394978373,380.6046393761965,-17.45934457358726
354,303.51652715616797,320.9758717297554,17.45934457358743
355,263.6006373608293,281.05998193441667,17.459344573587373
356,193.99527928128933,211.45462385487676,17.45934457358743
357,398.06398394978373,380.6046393761965,-17.45934457358726
358,67.07857574297874,84.53792031656617,17.45934457358743
359,398.06398394978373,380.6046393761965,-17.45934457358726
360,362.8080796338673,380.2674242074547,17.45934457358743
361,312.80084760724174,330.2601921808291,17.459344573587373
362,85.74380211091817,103.2031466845056,17.45934457358743
363,135.1742785043413,152.63362307792872,17.45934457358743
364,398.06398394978373,380.6046393761965,-17.45934457358726
365,227.0102151148229,244.46955968841033,17.45934457358743
366,398.06398394978373,380.6046393761965,-17.45934457358726
367,398.06398394978373,380.6046393761965,-17.45934457358726
368,398.06398394978373,380.6046393761965,-17.45934457358726
369,398.06398394978373,380.6046393761965,-17.45934457358726
370,139.0640887254542,156.52343329904164,17.45934457358743
371,268.64772358569326,286.10706815928063,17.459344573587373
372,398.06398394978373,380.6046393761965,-17.45934457358726
373,130.9121575708187,148.37150214440612,17.45934457358743
374,398.06398394978373,380.6046393761965,-17.45934457358726
375,252.10689076946406,269.5662353430515,17.459344573587458
376,353.86630508648136,371.3256496600688,17.45934457358743
377,169.0648592606022,186.52420383418962,17.45934457358743
378,398.06398394978373,380.6046393761965,-17.45934457358726
379,219.6998377904509,237.15918236403834,17.45934457358743
380,315.5440217639224,333.00336633750976,17.459344573587373
381,150.46429751629898,167.9236420898864,17.45934457358743
382,398.06398394978373,380.6046393761965,-17.45934457358726
383,76.42971561481777,93.8890601884052,17.45934457358743
384,398.06398394978373,380.6046393761965,-17.45934457358726
385,398.06398394978373,380.6046393761965,-17.45934457358726
386,398.06398394978373,380.6046393761965,-17.45934457358726
387,169.81014894966216,187.2694935232496,17.45934457358743
388,398.06398394978373,380.6046393761965,-17.45934457358726
389,398.06398394978373,380.6046393761965,-17.45934457358726
390,398.06398394978373,380.6046393761965,-17.45934457358726
391,398.06398394978373,380.6046393761965,-17.45934457358726
392,333.60517352442355,351.0645180980109,17.459344573587373
393,398.06398394978373,380.6046393761965,-17.45934457358726
394,204.05275598687408,221.5121005604615,17.45934457358743
395,398.06398394978373,380.6046393761965,-17.45934457358726
396,398.06398394978373,380.6046393761965,-17.45934457358726
397,108.4715102754521,125.93085484903953,17.45934457358743
398,-43.38765441327509,-25.928309839687657,17.45934457358743
399,342.27548046457616,359.73482503816365,17.459344573587487
400,332.7034416138386,350.16278618742604,17.45934457358743
401,398.06398394978373,380.6046393761965,-17.45934457358726
402,381.2632444874896,380.6046393761965,-0.6586051112931273
403,264.0178885802239,281.4772331538113,17.45934457358743
404,115.99598863412962,133.45533320771705,17.45934457358743
405,348.5976825446413,366.0570271182287,17.459344573587373
406,247.50444225574543,264.9637868293329,17.459344573587458
407,156.29256682321508,173.7519113968025,17.45934457358743
408,341.58321300731177,359.04255758089914,17.459344573587373
409,398.06398394978373,380.6046393761965,-17.45934457358726
410,389.3501233788052,380.6046393761965,-8.745484002608748
411,165.093689900613,182.55303447420042,17.45934457358743
412,398.06398394978373,380.6046393761965,-17.45934457358726
413,157.05013320431158,174.509477777899,17.45934457358743
414,84.14579160612342,101.60513617971085,17.45934457358743
415,398.06398394978373,380.6046393761965,-17.45934457358726
416,253.88195659701364,271.34130117060107,17.45934457358743
417,398.06398394978373,380.6046393761965,-17.45934457358726
418,398.06398394978373,380.6046393761965,-17.45934457358726
419,206.67071445799525,224.13005903158268,17.45934457358743
420,398.06398394978373,380.6046393761965,-17.45934457358726
421,398.06398394978373,380.6046393761965,-17.45934457358726
422,326.90150302273173,344.36084759631916,17.45934457358743
423,163.10211746401606,180.5614620376035,17.45934457358743
424,232.96077326830058,250.42011784188801,17.45934457358743
425,205.49295535481093,222.95229992839836,17.45934457358743
426,143.70063213609188,161.1599767096793,17.45934457358743
427,126.25517688894419,143.71452146253162,17.45934457358743
428,398.06398394978373,380.6046393761965,-17.45934457358726
429,398.06398394978373,380.6046393761965,-17.45934457358726
430,290.9683561868295,308.4277007604169,17.459344573587373
431,398.06398394978373,380.6046393761965,-17.45934457358726
432,398.06398394978373,380.6046393761965,-17.45934457358726
433,398.06398394978373,380.6046393761965,-17.45934457358726
434,327.40510355647723,344.8644481300647,17.459344573587487
435,293.49474465253,310.95408922611745,17.45934457358743
436,398.06398394978373,380.6046393761965,-17.45934457358726
437,390.463740718178,380.6046393761965,-9.8591013419815
438,398.06398394978373,380.6046393761965,-17.45934457358726
439,398.06398394978373,380.6046393761965,-17.45934457358726
440,277.4716672824467,294.93101185603416,17.459344573587487
441,398.06398394978373,380.6046393761965,-17.45934457358726
442,176.4186647351154,193.87800930870284,17.45934457358743
443,333.15910259413454,350.61844716772197,17.45934457358743
444,230.76917543501827,248.2285200086057,17.45934457358743
445,215.4103511544065,232.86969572799393,17.45934457358743
446,320.3337383340873,337.7930829076747,17.45934457358743
447,274.05308625931195,291.51243083289944,17.459344573587487
448,398.06398394978373,380.6046393761965,-17.45934457358726
449,398.06398394978373,380.6046393761965,-17.45934457358726
450,96.37531589057767,113.8346604641651,17.45934457358743
451,398.06398394978373,380.6046393761965,-17.45934457358726
452,0.5337242451866189,17.99306881877405,17.45934457358743
453,398.06398394978373,380.6046393761965,-17.45934457358726
454,398.06398394978373,380.6046393761965,-17.45934457358726
455,234.95430682124803,252.41365139483545,17.45934457358743
456,318.35723891107466,335.81658348466215,17.459344573587487
457,211.06229324780776,228.5216378213952,17.45934457358743
458,398.06398394978373,380.6046393761965,-17.45934457358726
459,-96.10229292579406,-78.64294835220663,17.45934457358743
460,178.11324161354136,195.5725861871288,17.45934457358743
461,35.87268075324724,53.33202532683467,17.45934457358743
462,398.06398394978373,380.6046393761965,-17.45934457358726
463,398.06398394978373,380.6046393761965,-17.45934457358726
464,398.06398394978373,380.6046393761965,-17.45934457358726
465,398.06398394978373,380.6046393761965,-17.45934457358726
466,398.06398394978373,380.6046393761965,-17.45934457358726
467,213.87802197649768,231.3373665500851,17.45934457358743
468,398.06398394978373,380.6046393761965,-17.45934457358726
469,398.06398394978373,380.6046393761965,-17.45934457358726
470,199.98230752720315,217.44165210079058,17.45934457358743
471,128.2475927037956,145.70693727738302,17.45934457358743
472,239.0627179018206,256.522062475408,17.4593445735874
473,398.06398394978373,380.6046393761965,-17.45934457358726
474,398.06398394978373,380.6046393761965,-17.45934457358726
475,398.06398394978373,380.6046393761965,-17.45934457358726
476,212.19873604045074,229.65808061403817,17.45934457358743
477,291.37849487278993,308.8378394463774,17.459344573587487
478,398.06398394978373,380.6046393761965,-17.45934457358726
479,398.06398394978373,380.6046393761965,-17.45934457358726
480,398.06398394978373,380.6046393761965,-17.45934457358726
481,121.89248290924857,139.351827482836,17.45934457358743
482,289.45127336767666,306.91061794126415,17.459344573587487
483,364.65362754119155,380.6046393761965,15.95101183500492
484,292.5818246123014,310.04116918588886,17.459344573587487
485,280.5605105091147,298.0198550827021,17.45934457358743
486,76.46965927567858,93.92900384926601,17.45934457358743
487,398.06398394978373,380.6046393761965,-17.45934457358726
488,398.06398394978373,380.6046393761965,-17.45934457358726
489,102.07692689213705,119.53627146572448,17.45934457358743
490,398.06398394978373,380.6046393761965,-17.45934457358726
491,384.66509329452117,380.6046393761965,-4.060453918324697
492,398.06398394978373,380.6046393761965,-17.45934457358726
493,327.8707918465303,345.3301364201178,17.459344573587487
494,212.63909359151535,230.09843816510278,17.45934457358743
495,217.24866366918147,234.7080082427689,17.45934457358743
496,398.06398394978373,380.6046393761965,-17.45934457358726
497,398.06398394978373,380.6046393761965,-17.45934457358726
498,398.06398394978373,380.6046393761965,-17.45934457358726
499,398.06398394978373,380.6046393761965,-17.45934457358726
500,398.06398394978373,380.6046393761965,-17.45934457358726
501,398.06398394978373,380.6046393761965,-17.45934457358726
502,398.06398394978373,380.6046393761965,-17.45934457358726
503,398.06398394978373,380.6046393761965,-17.45934457358726
504,398.06398394978373,380.6046393761965,-17.45934457358726
505,357.0309914748839,374.4903360484713,17.45934457358743
506,281.9243536836872,299.38369825727466,17.459344573587487
507,144.88765349090505,162.34699806449248,17.45934457358743
508,91.49214862092745,108.95149319451488,17.45934457358743
509,398.06398394978373,380.6046393761965,-17.45934457358726
510,372.92672664444314,380.6046393761965,7.677912731753338
511,261.03527391975683,278.4946184933442,17.459344573587373
512,398.06398394978373,380.6046393761965,-17.45934457358726
513,398.06398394978373,380.6046393761965,-17.45934457358726
514,390.8053348255279,380.6046393761965,-10.20069544933142
515,398.06398394978373,380.6046393761965,-17.45934457358726
516,335.65227026426425,353.1116148378517,17.45934457358743
517,398.06398394978373,380.6046393761965,-17.45934457358726
518,398.06398394978373,380.6046393761965,-17.45934457358726
519,398.06398394978373,380.6046393761965,-17.45934457358726
520,319.35951892587275,336.81886349946024,17.459344573587487
521,398.06398394978373,380.6046393761965,-17.45934457358726
522,398.06398394978373,380.6046393761965,-17.45934457358726
523,354.10343577317104,371.5627803467585,17.45934457358743
524,291.0865891973945,308.54593377098195,17.45934457358743
525,398.06398394978373,380.6046393761965,-17.45934457358726
526,317.26513406573827,334.7244786393257,17.45934457358743
527,132.09824862567663,149.55759319926406,17.45934457358743
528,398.06398394978373,380.6046393761965,-17.45934457358726
529,398.06398394978373,380.6046393761965,-17.45934457358726
530,398.06398394978373,380.6046393761965,-17.45934457358726
531,398.06398394978373,380.6046393761965,-17.45934457358726
532,18.58041100988335,36.03975558347078,17.45934457358743
533,272.6490911190723,290.1084356926598,17.459344573587487
534,398.06398394978373,380.6046393761965,-17.45934457358726
535,305.10276754379163,322.562112117379,17.459344573587373
536,398.06398394978373,380.6046393761965,-17.45934457358726
537,398.06398394978373,380.6046393761965,-17.45934457358726
538,398.06398394978373,380.6046393761965,-17.45934457358726
539,398.06398394978373,380.6046393761965,-17.45934457358726
540,288.029971532173,305.4893161057604,17.459344573587373
541,295.56523563976396,313.0245802133513,17.459344573587373
542,398.06398394978373,380.6046393761965,-17.45934457358726
543,398.06398394978373,380.6046393761965,-17.45934457358726
544,86.02981136212551,103.48915593571294,17.45934457358743
545,398.06398394978373,380.6046393761965,-17.45934457358726
546,398.06398394978373,380.6046393761965,-17.45934457358726
547,361.19417763436877,378.65352220795614,17.459344573587373
548,398.06398394978373,380.6046393761965,-17.45934457358726
549,311.76818460518103,329.22752917876846,17.45934457358743
550,398.06398394978373,380.6046393761965,-17.45934457358726
551,398.06398394978373,380.6046393761965,-17.45934457358726
552,398.06398394978373,380.6046393761965,-17.45934457358726
553,216.85123755603087,234.3105821296183,17.45934457358743
554,337.0073327997275,354.46667737331495,17.45934457358743
555,398.06398394978373,380.6046393761965,-17.45934457358726
556,205.90805381146697,223.3673983850544,17.45934457358743
557,258.5313809469552,275.9907255205426,17.459344573587373
558,386.4534722168874,380.6046393761965,-5.848832840690932
559,398.06398394978373,380.6046393761965,-17.45934457358726
560,398.06398394978373,380.6046393761965,-17.45934457358726
561,398.06398394978373,380.6046393761965,-17.45934457358726
562,398.06398394978373,380.6046393761965,-17.45934457358726
563,398.06398394978373,380.6046393761965,-17.45934457358726
564,398.06398394978373,380.6046393761965,-17.45934457358726
565,398.06398394978373,380.6046393761965,-17.45934457358726
566,398.06398394978373,380.6046393761965,-17.45934457358726
567,398.06398394978373,380.6046393761965,-17.45934457358726
568,43.7091919190168,61.16853649260423,17.45934457358743
569,373.879203702089,380.6046393761965,6.725435674107473
570,398.06398394978373,380.6046393761965,-17.45934457358726
571,398.06398394978373,380.6046393761965,-17.45934457358726
572,324.7085923098889,342.1679368834763,17.459344573587373
573,398.06398394978373,380.6046393761965,-17.45934457358726
574,259.7361249050428,277.19546947863023,17.45934457358743
575,355.4277429028362,372.88708747642363,17.45934457358743
576,398.06398394978373,380.6046393761965,-17.45934457358726
577,135.36638660716486,152.82573118075229,17.45934457358743
578,376.237844268653,380.6046393761965,4.366795107543453
579,360.29247541167666,377.7518199852641,17.45934457358743
580,372.6661685310098,380.6046393761965,7.938470845186657
581,278.24716132368235,295.7065058972698,17.45934457358743
582,398.06398394978373,380.6046393761965,-17.45934457358726
583,179.02743569034996,196.4867802639374,17.45934457358743
584,137.73064315115832,155.18998772474575,17.45934457358743
585,398.06398394978373,380.6046393761965,-17.45934457358726
586,157.68556674872167,175.1449113223091,17.45934457358743
587,398.06398394978373,380.6046393761965,-17.45934457358726
588,394.4499456686836,380.6046393761965,-13.845306292487123
589,245.59556143206106,263.0549060056485,17.45934457358743
590,312.90092182480726,330.3602663983947,17.45934457358743
591,365.6401947181976,380.6046393761965,14.964444657998854
592,398.06398394978373,380.6046393761965,-17.45934457358726
593,254.2222627945817,271.6816073681691,17.45934457358743
594,339.71759280467893,357.1769373782663,17.459344573587373
595,117.04668755421494,134.50603212780237,17.45934457358743
596,324.9056097053516,342.36495427893897,17.459344573587373
597,47.97115743434938,65.43050200793681,17.45934457358743
598,373.8722158275501,380.6046393761965,6.732423548646352
599,285.9670222708351,303.42636684442255,17.45934457358743
600,398.06398394978373,380.6046393761965,-17.45934457358726
601,398.06398394978373,380.6046393761965,-17.45934457358726
602,348.45063756130054,365.90998213488797,17.45934457358743
603,398.06398394978373,380.6046393761965,-17.45934457358726
604,398.06398394978373,380.6046393761965,-17.45934457358726
605,157.95208119060294,175.41142576419037,17.45934457358743
606,-16.000727375789296,1.4586171977981337,17.45934457358743
607,398.06398394978373,380.6046393761965,-17.45934457358726
608,398.06398394978373,380.6046393761965,-17.45934457358726
609,39.53700628814609,56.99635086173352,17.45934457358743
610,398.06398394978373,380.6046393761965,-17.45934457358726
611,398.06398394978373,380.6046393761965,-17.45934457358726
612,236.5145857953777,253.97393036896514,17.45934457358743
613,398.06398394978373,380.6046393761965,-17.45934457358726
614,69.73642521477292,87.19576978836035,17.45934457358743
615,328.33402289114207,345.7933674647295,17.45934457358743
616,384.330417970808,380.6046393761965,-3.7257785946115405
617,398.06398394978373,380.6046393761965,-17.45934457358726
618,398.06398394978373,380.6046393761965,-17.45934457358726
619,398.06398394978373,380.6046393761965,-17.45934457358726
620,398.06398394978373,380.6046393761965,-17.45934457358726
621,240.31304082074635,257.7723853943338,17.459344573587458
622,398.06398394978373,380.6046393761965,-17.45934457358726
623,301.5559800263759,319.01532459996326,17.459344573587373
624,398.06398394978373,380.6046393761965,-17.45934457358726
625,373.9206488676399,380.6046393761965,6.683990508556576
626,320.8134641434706,338.272808717058,17.45934457358743
627,398.06398394978373,380.6046393761965,-17.45934457358726
628,398.06398394978373,380.6046393761965,-17.45934457358726
629,398.06398394978373,380.6046393761965,-17.45934457358726
630,398.06398394978373,380.6046393761965,-17.45934457358726
631,255.8188947812851,273.27823935487254,17.45934457358743
632,398.06398394978373,380.6046393761965,-17.45934457358726
633,397.82603884163257,380.6046393761965,-17.221399465436093
634,213.47324237406588,230.9325869476533,17.45934457358743
635,161.1252242074636,178.58456878105102,17.45934457358743
636,398.06398394978373,380.6046393761965,-17.45934457358726
637,261.9612484884749,279.4205930620623,17.45934457358743
638,115.93463076086942,133.39397533445685,17.45934457358743
639,352.85506096554934,370.3144055391367,17.459344573587373
640,398.06398394978373,380.6046393761965,-17.45934457358726
641,396.71195476480943,380.6046393761965,-16.10731538861296
642,143.90056964933908,161.3599142229265,17.45934457358743
643,252.91511690485444,270.37446147844184,17.4593445735874
644,398.06398394978373,380.6046393761965,-17.45934457358726
645,217.41962169656003,234.87896627014746,17.45934457358743
646,302.7620451238149,320.2213896974023,17.459344573587373
647,398.06398394978373,380.6046393761965,-17.45934457358726
648,398.06398394978373,380.6046393761965,-17.45934457358726
649,267.23572052576446,284.69506509935184,17.459344573587373
650,37.52226578617534,54.98161035976277,17.45934457358743
651,398.06398394978373,380.6046393761965,-17.45934457358726
652,114.31953156752795,131.77887614111538,17.45934457358743
653,366.3046068816007,380.6046393761965,14.300032494595769
654,198.88431062870373,216.34365520229116,17.45934457358743
655,72.87525180895287,90.3345963825403,17.45934457358743
656,398.06398394978373,380.6046393761965,-17.45934457358726
657,347.4801487297687,364.93949330335613,17.45934457358743
658,398.06398394978373,380.6046393761965,-17.45934457358726
659,398.06398394978373,380.6046393761965,-17.45934457358726
660,222.18805628080622,239.64740085439365,17.45934457358743
661,390.63913309419524,380.6046393761965,-10.034493717998771
662,293.74917143823683,311.20851601182426,17.45934457358743
663,398.06398394978373,380.6046393761965,-17.45934457358726
664,398.06398394978373,380.6046393761965,-17.45934457358726
665,293.8827201440246,311.34206471761206,17.459344573587487
666,398.06398394978373,380.6046393761965,-17.45934457358726
667,398.06398394978373,380.6046393761965,-17.45934457358726
668,398.06398394978373,380.6046393761965,-17.45934457358726
669,211.81834216185584,229.27768673544327,17.45934457358743
670,398.06398394978373,380.6046393761965,-17.45934457358726
671,101.1025645225835,118.56190909617094,17.45934457358743
672,398.06398394978373,380.6046393761965,-17.45934457358726
673,184.9407708096192,202.40011538320664,17.45934457358743
674,398.06398394978373,380.6046393761965,-17.45934457358726
675,309.0290847027932,326.48842927638066,17.45934457358743
676,398.06398394978373,380.6046393761965,-17.45934457358726
677,398.06398394978373,380.6046393761965,-17.45934457358726
678,355.87022618825733,373.3295707618448,17.459344573587487
679,356.0877990212243,373.5471435948117,17.459344573587373
680,97.18307892628313,114.64242349987056,17.45934457358743
681,40.87906255937129,58.33840713295872,17.45934457358743
682,398.06398394978373,380.6046393761965,-17.45934457358726
683,398.06398394978373,380.6046393761965,-17.45934457358726
684,98.2968836448033,115.75622821839073,17.45934457358743
685,398.06398394978373,380.6046393761965,-17.45934457358726
686,223.23013637802327,240.6894809516107,17.45934457358743
687,398.06398394978373,380.6046393761965,-17.45934457358726
688,398.06398394978373,380.6046393761965,-17.45934457358726
689,393.00931142341926,380.6046393761965,-12.404672047222789
690,398.06398394978373,380.6046393761965,-17.45934457358726
691,113.86925618973832,131.32860076332577,17.459344573587444
692,360.1104054896665,377.569750063254,17.459344573587487
693,313.1280510786171,330.5873956522045,17.45934457358743
694,388.14919234341255,380.6046393761965,-7.544552967216077
695,308.93933906718905,326.39868364077654,17.459344573587487
696,236.5637262895603,254.02307086314772,17.45934457358743
697,220.17912292509496,237.6384674986824,17.45934457358743
698,398.06398394978373,380.6046393761965,-17.45934457358726
699,199.33380675567028,216.7931513292577,17.45934457358743
700,398.06398394978373,380.6046393761965,-17.45934457358726
701,398.06398394978373,380.6046393761965,-17.45934457358726
702,346.48859167015655,363.94793624374404,17.459344573587487
703,398.06398394978373,380.6046393761965,-17.45934457358726
704,398.06398394978373,380.6046393761965,-17.45934457358726
705,257.3736476176797,274.8329921912672,17.459344573587487
706,398.06398394978373,380.6046393761965,-17.45934457358726
707,398.06398394978373,380.6046393761965,-17.45934457358726
708,161.4935492137171,178.95289378730453,17.45934457358743
709,303.10407339315395,320.5634179667413,17.459344573587373
710,213.7221254066388,231.18146998022624,17.45934457358743
711,398.06398394978373,380.6046393761965,-17.45934457358726
712,109.54937614892901,127.00872072251644,17.45934457358743
713,369.79212399238065,380.6046393761965,10.812515383815821
714,398.06398394978373,380.6046393761965,-17.45934457358726
715,195.80213157744697,213.2614761510344,17.45934457358743
716,338.2046648293118,355.6640094028993,17.459344573587487
717,223.6729273535962,241.13227192718364,17.45934457358743
718,118.92723903196006,136.3865836055475,17.45934457358743
719,352.38218186818585,369.8415264417732,17.459344573587373
720,398.06398394978373,380.6046393761965,-17.45934457358726
721,283.61825876219496,301.0776033357824,17.45934457358743
722,398.06398394978373,380.6046393761965,-17.45934457358726
723,398.06398394978373,380.6046393761965,-17.45934457358726
724,398.06398394978373,380.6046393761965,-17.45934457358726
725,135.24700528883645,152.70634986242388,17.45934457358743
726,398.06398394978373,380.6046393761965,-17.45934457358726
727,240.45256252609167,257.91190709967907,17.4593445735874
728,42.66443031855712,60.12377489214455,17.45934457358743
729,211.74044482854657,229.199789402134,17.45934457358743
730,398.06398394978373,380.6046393761965,-17.45934457358726
731,398.06398394978373,380.6046393761965,-17.45934457358726
732,157.29207265770324,174.75141723129067,17.45934457358743
733,398.06398394978373,380.6046393761965,-17.45934457358726
734,398.06398394978373,380.6046393761965,-17.45934457358726
735,352.800201721416,370.2595462950034,17.45934457358743
736,255.4899822021976,272.94932677578504,17.45934457358743
737,398.06398394978373,380.6046393761965,-17.45934457358726
738,285.7546136843222,303.21395825790967,17.459344573587487
739,398.06398394978373,380.6046393761965,-17.45934457358726
740,398.06398394978373,380.6046393761965,-17.45934457358726
741,398.06398394978373,380.6046393761965,-17.45934457358726
742,302.4081552982712,319.8674998718586,17.45934457358743
743,98.9041651451415,116.36350971872893,17.45934457358743
744,398.06398394978373,380.6046393761965,-17.45934457358726
745,172.06000607654047,189.5193506501279,17.45934457358743
746,344.677398465255,362.1367430388424,17.459344573587373
747,365.01643207996835,380.6046393761965,15.58820729622812
748,211.5447567047882,229.00410127837563,17.45934457358743
749,398.06398394978373,380.6046393761965,-17.45934457358726
750,106.32633289933234,123.78567747291977,17.45934457358743
751,398.06398394978373,380.6046393761965,-17.45934457358726
752,246.52847082035484,263.98781539394224,17.4593445735874
753,398.06398394978373,380.6046393761965,-17.45934457358726
754,398.06398394978373,380.6046393761965,-17.45934457358726
755,197.3458432048678,214.80518777845523,17.45934457358743
756,219.80855243918674,237.26789701277417,17.45934457358743
757,398.06398394978373,380.6046393761965,-17.45934457358726
758,398.06398394978373,380.6046393761965,-17.45934457358726
759,386.87417403109845,380.6046393761965,-6.269534654901975
760,50.780328917189905,68.23967349077734,17.45934457358743
761,76.02393945085402,93.48328402444145,17.45934457358743
762,398.06398394978373,380.6046393761965,-17.45934457358726
763,398.06398394978373,380.6046393761965,-17.45934457358726
764,224.80579488419758,242.265139457785,17.45934457358743
765,197.0622725371251,214.52161711071253,17.45934457358743
766,398.06398394978373,380.6046393761965,-17.45934457358726
767,398.06398394978373,380.6046393761965,-17.45934457358726
768,398.06398394978373,380.6046393761965,-17.45934457358726
769,275.74674008769557,293.206084661283,17.45934457358743
770,36.13608525261138,53.59542982619881,17.45934457358743
771,398.06398394978373,380.6046393761965,-17.45934457358726
772,264.7941483648772,282.2534929384646,17.45934457358743
773,398.06398394978373,380.6046393761965,-17.45934457358726
774,30.575007453071933,48.03435202665936,17.45934457358743
775,398.06398394978373,380.6046393761965,-17.45934457358726
776,264.1916775467778,281.6510221203652,17.45934457358743
777,160.22375358187725,177.68309815546468,17.45934457358743
778,398.06398394978373,380.6046393761965,-17.45934457358726
779,398.06398394978373,380.6046393761965,-17.45934457358726
780,247.780787130414,265.24013170400144,17.45934457358743
781,398.06398394978373,380.6046393761965,-17.45934457358726
782,162.04963993191228,179.5089845054997,17.45934457358743
783,241.77544293289026,259.2347875064777,17.45934457358743
784,315.3107283382133,332.77007291180075,17.45934457358743
785,294.3900103258054,311.84935489939284,17.45934457358743
786,398.06398394978373,380.6046393761965,-17.45934457358726
787,140.94994931038042,158.40929388396785,17.45934457358743
788,398.06398394978373,380.6046393761965,-17.45934457358726
789,398.06398394978373,380.6046393761965,-17.45934457358726
790,321.0908060835496,338.550150657137,17.45934457358743
791,144.55637400277251,162.01571857635994,17.45934457358743
792,-14.851907676861302,2.607436896726128,17.45934457358743
793,354.25192663376816,371.7112712073556,17.45934457358743
794,223.88419777741788,241.3435423510053,17.45934457358743
795,391.4103330332539,380.6046393761965,-10.805693657057418
796,165.3859635698866,182.84530814347403,17.45934457358743
797,368.79234890202815,380.6046393761965,11.812290474168321
798,354.584578407442,372.0439229810294,17.45934457358743
799,370.7113889391349,380.6046393761965,9.893250437061567
800,398.06398394978373,380.6046393761965,-17.45934457358726
801,398.06398394978373,380.6046393761965,-17.45934457358726
802,398.06398394978373,380.6046393761965,-17.45934457358726
803,212.0512200236492,229.51056459723662,17.45934457358743
804,398.06398394978373,380.6046393761965,-17.45934457358726
805,398.06398394978373,380.6046393761965,-17.45934457358726
806,280.63756599199394,298.0969105655813,17.459344573587373
807,175.64374377471617,193.1030883483036,17.45934457358743
808,398.06398394978373,380.6046393761965,-17.45934457358726
809,398.06398394978373,380.6046393761965,-17.45934457358726
810,261.6740833782679,279.1334279518553,17.45934457358743
811,384.97786160640686,380.6046393761965,-4.373222230210388
812,369.7182242045526,380.6046393761965,10.886415171643876
813,260.5953820464381,278.0547266200255,17.45934457358743
814,115.55890323666623,133.01824781025365,17.45934457358743
815,398.06398394978373,380.6046393761965,-17.45934457358726
816,333.32772652581355,350.78707109940103,17.459344573587487
817,308.49218450909825,325.9515290826857,17.45934457358743
818,398.06398394978373,380.6046393761965,-17.45934457358726
819,125.80621016032342,143.26555473391085,17.45934457358743
820,183.2816179174925,200.74096249107993,17.45934457358743
821,398.06398394978373,380.6046393761965,-17.45934457358726
822,398.06398394978373,380.6046393761965,-17.45934457358726
823,398.06398394978373,380.6046393761965,-17.45934457358726
824,398.06398394978373,380.6046393761965,-17.45934457358726
825,7.031487782840898,24.490832356428328,17.45934457358743
826,398.06398394978373,380.6046393761965,-17.45934457358726
827,398.06398394978373,380.6046393761965,-17.45934457358726
828,398.06398394978373,380.6046393761965,-17.45934457358726
829,230.3651265700059,247.82447114359334,17.45934457358743
830,398.06398394978373,380.6046393761965,-17.45934457358726
831,398.06398394978373,380.6046393761965,-17.45934457358726
832,398.06398394978373,380.6046393761965,-17.45934457358726
833,398.06398394978373,380.6046393761965,-17.45934457358726
834,123.85658121610518,141.3159257896926,17.45934457358743
835,381.9708977068533,380.6046393761965,-1.3662583306568195
836,398.06398394978373,380.6046393761965,-17.45934457358726
837,398.06398394978373,380.6046393761965,-17.45934457358726
838,398.06398394978373,380.6046393761965,-17.45934457358726
839,326.4749498142389,343.93429438782636,17.45934457358743
840,173.56994910717117,191.0292936807586,17.45934457358743
841,240.57316887573185,258.03251344931925,17.4593445735874
842,398.06398394978373,380.6046393761965,-17.45934457358726
843,210.7497296296971,228.20907420328453,17.45934457358743
844,169.74876481722845,187.20810939081588,17.45934457358743
845,204.68325254260867,222.1425971161961,17.45934457358743
846,398.06398394978373,380.6046393761965,-17.45934457358726
847,398.06398394978373,380.6046393761965,-17.45934457358726
848,298.8582757942587,316.3176203678462,17.459344573587487
849,398.06398394978373,380.6046393761965,-17.45934457358726
850,398.06398394978373,380.6046393761965,-17.45934457358726
851,181.1750022032648,198.63434677685223,17.45934457358743
852,398.06398394978373,380.6046393761965,-17.45934457358726
853,398.06398394978373,380.6046393761965,-17.45934457358726
854,24.595070541181627,42.05441511476906,17.45934457358743
855,146.84468176415908,164.3040263377465,17.45934457358743
856,398.06398394978373,380.6046393761965,-17.45934457358726
857,398.06398394978373,380.6046393761965,-17.45934457358726
858,309.4113276948169,326.8706722684043,17.459344573587373
859,177.60077399405804,195.06011856764547,17.45934457358743
860,398.06398394978373,380.6046393761965,-17.45934457358726
861,54.317994579430476,71.7773391530179,17.45934457358743
862,398.06398394978373,380.6046393761965,-17.45934457358726
863,338.33061363040594,355.78995820399336,17.45934457358743
864,365.32433216779623,380.6046393761965,15.280307208400245
865,238.98297100644737,256.4423155800348,17.45934457358743
866,398.06398394978373,380.6046393761965,-17.45934457358726
867,-6.477990501517425,10.981354072070005,17.45934457358743
868,200.52509999207,217.98444456565744,17.45934457358743
869,398.06398394978373,380.6046393761965,-17.45934457358726
870,229.92728012871171,247.38662470229914,17.45934457358743
871,398.06398394978373,380.6046393761965,-17.45934457358726
872,398.06398394978373,380.6046393761965,-17.45934457358726
873,219.51599012287312,236.97533469646055,17.45934457358743
874,398.06398394978373,380.6046393761965,-17.45934457358726
875,353.2584683996111,370.71781297319853,17.45934457358743
876,398.06398394978373,380.6046393761965,-17.45934457358726
877,247.95758538902396,265.4169299626114,17.45934457358743
878,251.2383200788719,268.69766465245937,17.459344573587458
879,398.06398394978373,380.6046393761965,-17.45934457358726
880,398.06398394978373,380.6046393761965,-17.45934457358726
881,223.36756006749462,240.82690464108205,17.45934457358743
882,201.81924999413863,219.27859456772606,17.45934457358743
883,398.06398394978373,380.6046393761965,-17.45934457358726
884,398.06398394978373,380.6046393761965,-17.45934457358726
885,209.71019360227706,227.1695381758645,17.45934457358743
886,398.06398394978373,380.6046393761965,-17.45934457358726
887,-64.2707628736085,-46.811418300021074,17.45934457358743
888,120.88897694272796,138.3483215163154,17.45934457358743
889,398.06398394978373,380.6046393761965,-17.45934457358726
890,398.06398394978373,380.6046393761965,-17.45934457358726
891,392.59048691652026,380.6046393761965,-11.985847540323789
892,398.06398394978373,380.6046393761965,-17.45934457358726
893,398.06398394978373,380.6046393761965,-17.45934457358726
894,398.06398394978373,380.6046393761965,-17.45934457358726
895,169.42713154323752,186.88647611682495,17.45934457358743
896,398.06398394978373,380.6046393761965,-17.45934457358726
897,287.2280975993069,304.68744217289435,17.45934457358743
898,306.44835821439733,323.90770278798476,17.45934457358743
899,378.2021199830784,380.6046393761965,2.402519393118098
900,334.3730229688577,351.8323675424451,17.45934457358743
901,224.16262316192484,241.62196773551227,17.45934457358743
902,323.90053892699467,341.3598835005821,17.45934457358743
903,192.93027639361412,210.38962096720155,17.45934457358743
904,398.06398394978373,380.6046393761965,-17.45934457358726
905,398.06398394978373,380.6046393761965,-17.45934457358726
906,291.7589301376727,309.2182747112601,17.45934457358743
907,398.06398394978373,380.6046393761965,-17.45934457358726
908,398.06398394978373,380.6046393761965,-17.45934457358726
909,398.06398394978373,380.6046393761965,-17.45934457358726
910,268.14268520229984,285.6020297758873,17.45934457358743
911,398.06398394978373,380.6046393761965,-17.45934457358726
912,398.06398394978373,380.6046393761965,-17.45934457358726
913,398.06398394978373,380.6046393761965,-17.45934457358726
914,340.3972497668467,357.8565943404341,17.45934457358743
915,262.16893909589464,279.62828366948213,17.459344573587487
916,398.06398394978373,380.6046393761965,-17.45934457358726
917,398.06398394978373,380.6046393761965,-17.45934457358726
918,398.06398394978373,380.6046393761965,-17.45934457358726
919,197.84320017138475,215.30254474497218,17.45934457358743
920,398.06398394978373,380.6046393761965,-17.45934457358726
921,398.06398394978373,380.6046393761965,-17.45934457358726
922,398.06398394978373,380.6046393761965,-17.45934457358726
923,398.06398394978373,380.6046393761965,-17.45934457358726
924,389.97085135667123,380.6046393761965,-9.366211980474759
925,398.06398394978373,380.6046393761965,-17.45934457358726
926,255.1043565916278,272.5637011652152,17.4593445735874
927,286.77473163593197,304.23407620951946,17.459344573587487
928,274.8544088630161,292.3137534366035,17.45934457358743
929,247.0303175120403,264.48966208562774,17.45934457358743
930,398.06398394978373,380.6046393761965,-17.45934457358726
931,77.5930332331241,95.05237780671153,17.45934457358743
932,398.06398394978373,380.6046393761965,-17.45934457358726
933,185.97877131523524,203.43811588882267,17.45934457358743
934,143.65897157535596,161.1183161489434,17.45934457358743
935,398.06398394978373,380.6046393761965,-17.45934457358726
936,94.93355183826156,112.392896411849,17.45934457358743
937,358.4759965672822,375.93534114086964,17.45934457358743
938,398.06398394978373,380.6046393761965,-17.45934457358726
939,353.6283202641221,371.08766483770955,17.45934457358743
940,398.06398394978373,380.6046393761965,-17.45934457358726
941,208.22784068190091,225.68718525548834,17.45934457358743
942,398.06398394978373,380.6046393761965,-17.45934457358726
943,104.78131139083649,122.24065596442392,17.45934457358743
944,398.06398394978373,380.6046393761965,-17.45934457358726
945,348.8351238834407,366.2944684570281,17.459344573587373
946,398.06398394978373,380.6046393761965,-17.45934457358726
947,356.3743064573942,373.8336510309816,17.45934457358743
948,297.5893688543275,315.048713427915,17.459344573587487
949,258.3453046840675,275.80464925765494,17.45934457358743
950,146.53132605016094,163.99067062374837,17.45934457358743
951,398.06398394978373,380.6046393761965,-17.45934457358726
952,398.06398394978373,380.6046393761965,-17.45934457358726
953,293.9343686952803,311.3937132688677,17.45934457358743
954,398.06398394978373,380.6046393761965,-17.45934457358726
955,297.03603855591837,314.49538312950574,17.459344573587373
956,398.06398394978373,380.6046393761965,-17.45934457358726
957,398.06398394978373,380.6046393761965,-17.45934457358726
958,109.21624222678743,126.67558680037486,17.45934457358743
959,216.69112791134089,234.15047248492831,17.45934457358743
960,398.06398394978373,380.6046393761965,-17.45934457358726
961,43.2794961110873,60.73884068467473,17.45934457358743
962,373.1150249928713,380.6046393761965,7.489614383325147
963,297.8773060572837,315.33665063087113,17.45934457358743
964,188.55834096696321,206.01768554055064,17.45934457358743
965,382.41272672070005,380.6046393761965,-1.8080873445035763
966,398.06398394978373,380.6046393761965,-17.45934457358726
967,398.06398394978373,380.6046393761965,-17.45934457358726
968,-41.643324688860446,-24.183980115273016,17.45934457358743
969,398.06398394978373,380.6046393761965,-17.45934457358726
970,270.5690921769351,288.0284367505225,17.459344573587373
971,398.06398394978373,380.6046393761965,-17.45934457358726
972,343.6639376227479,361.1232821963353,17.45934457358743
973,250.2267834098781,267.68612798346555,17.459344573587458
974,355.9933161363707,373.4526607099582,17.459344573587487
975,398.06398394978373,380.6046393761965,-17.45934457358726
976,398.06398394978373,380.6046393761965,-17.45934457358726
977,295.8852893710842,313.3446339446716,17.45934457358743
978,398.06398394978373,380.6046393761965,-17.45934457358726
979,398.06398394978373,380.6046393761965,-17.45934457358726
980,398.06398394978373,380.6046393761965,-17.45934457358726
981,388.97573854105644,380.6046393761965,-8.37109916485997
982,328.5595506373998,346.01889521098724,17.45934457358743
983,161.94414159217263,179.40348616576006,17.45934457358743
984,398.06398394978373,380.6046393761965,-17.45934457358726
985,398.06398394978373,380.6046393761965,-17.45934457358726
986,398.06398394978373,380.6046393761965,-17.45934457358726
987,255.83601933208516,273.2953639056726,17.459344573587458
988,398.06398394978373,380.6046393761965,-17.45934457358726
989,362.0393247432096,379.498669316797,17.45934457358743
990,398.06398394978373,380.6046393761965,-17.45934457358726
991,347.3192958349478,364.77864040853524,17.45934457358743
992,236.3975778620758,253.85692243566322,17.45934457358743
993,69.2561194928249,86.71546406641232,17.45934457358743
994,398.06398394978373,380.6046393761965,-17.45934457358726
995,398.06398394978373,380.6046393761965,-17.45934457358726
996,398.06398394978373,380.6046393761965,-17.45934457358726
997,254.6519650422984,272.11130961588583,17.45934457358743
998,398.06398394978373,380.6046393761965,-17.45934457358726
999,225.1625686125695,242.62191318615692,17.45934457358743
1000,398.06398394978373,380.6046393761965,-17.45934457358726
1001,398.06398394978373,380.6046393761965,-17.45934457358726
1002,398.06398394978373,380.6046393761965,-17.45934457358726
1003,332.7438071652687,350.20315173885615,17.45934457358743
1004,188.052836519285,205.51218109287242,17.45934457358743
1005,175.90236459873773,193.36170917232516,17.45934457358743
1006,398.06398394978373,380.6046393761965,-17.45934457358726
1007,392.75479518390745,380.6046393761965,-12.150155807710973
1008,398.06398394978373,380.6046393761965,-17.45934457358726
1009,205.55425448444944,223.01359905803687,17.45934457358743
1010,398.06398394978373,380.6046393761965,-17.45934457358726
1011,398.06398394978373,380.6046393761965,-17.45934457358726
1012,398.06398394978373,380.6046393761965,-17.45934457358726
1013,100.85858918689406,118.3179337604815,17.45934457358743
1014,213.67403668550628,231.1333812590937,17.45934457358743
1015,398.06398394978373,380.6046393761965,-17.45934457358726
1016,284.7127668558961,302.1721114294836,17.459344573587487
1017,349.5490749421166,367.0084195157041,17.459344573587487
1018,283.62465508242485,301.0839996560122,17.459344573587373
1019,95.74313630489564,113.20248087848307,17.45934457358743
1020,160.70385060444238,178.1631951780298,17.45934457358743
1021,398.06398394978373,380.6046393761965,-17.45934457358726
1022,230.99552574059786,248.45487031418529,17.45934457358743
1023,398.06398394978373,380.6046393761965,-17.45934457358726
1024,95.53122958692488,112.99057416051231,17.45934457358743
1025,35.19038556811597,52.6497301417034,17.45934457358743
1026,284.9100094553286,302.36935402891595,17.459344573587373
1027,139.17704232191824,156.63638689550567,17.45934457358743
1028,398.06398394978373,380.6046393761965,-17.45934457358726
1029,278.076321649116,295.5356662227034,17.45934457358743
1030,398.06398394978373,380.6046393761965,-17.45934457358726
1031,107.20585288687812,124.66519746046555,17.45934457358743
1032,398.06398394978373,380.6046393761965,-17.45934457358726
1033,398.06398394978373,380.6046393761965,-17.45934457358726
1034,398.06398394978373,380.6046393761965,-17.45934457358726
1035,398.06398394978373,380.6046393761965,-17.45934457358726
1036,398.06398394978373,380.6046393761965,-17.45934457358726
1037,398.06398394978373,380.6046393761965,-17.45934457358726
1038,398.06398394978373,380.6046393761965,-17.45934457358726
1039,279.16119936281535,296.6205439364028,17.45934457358743
1040,398.06398394978373,380.6046393761965,-17.45934457358726
1041,248.63565170369853,266.094996277286,17.459344573587458
1042,398.06398394978373,380.6046393761965,-17.45934457358726
1043,306.4306422931238,323.88998686671124,17.45934457358743
1044,233.38668076749514,250.84602534108257,17.45934457358743
1045,228.03091150230873,245.49025607589616,17.45934457358743
1046,398.06398394978373,380.6046393761965,-17.45934457358726
1047,85.52502555972501,102.98437013331244,17.45934457358743
1048,96.31188133712945,113.77122591071688,17.45934457358743
1049,398.06398394978373,380.6046393761965,-17.45934457358726
1050,172.2227814113249,189.68212598491232,17.45934457358743
1051,268.17994190475724,285.6392864783447,17.45934457358743
1052,262.849062495473,280.3084070690604,17.45934457358743
1053,398.06398394978373,380.6046393761965,-17.45934457358726
1054,228.92702855668682,246.38637313027425,17.45934457358743
1055,219.96437459073172,237.42371916431915,17.45934457358743
1056,283.43683049845356,300.89617507204093,17.459344573587373
1057,398.06398394978373,380.6046393761965,-17.45934457358726
1058,398.06398394978373,380.6046393761965,-17.45934457358726
1059,98.1698627178465,115.62920729143393,17.45934457358743
1060,398.06398394978373,380.6046393761965,-17.45934457358726
1061,398.06398394978373,380.6046393761965,-17.45934457358726
1062,54.47381930622511,71.93316387981254,17.45934457358743
1063,398.06398394978373,380.6046393761965,-17.45934457358726
1064,398.06398394978373,380.6046393761965,-17.45934457358726
1065,398.06398394978373,380.6046393761965,-17.45934457358726
1066,324.1750143740556,341.634358947643,17.45934457358743
1067,-14.896868252126652,2.562476321460778,17.45934457358743
1068,398.06398394978373,380.6046393761965,-17.45934457358726
1069,297.44775100354605,314.9070955771335,17.45934457358743
1070,322.00724956794625,339.4665941415337,17.45934457358743
1071,398.06398394978373,380.6046393761965,-17.45934457358726
1072,-13.228120615925619,4.231223957661811,17.45934457358743
1073,351.7719817379771,369.23132631156454,17.45934457358743
1074,398.06398394978373,380.6046393761965,-17.45934457358726
1075,398.06398394978373,380.6046393761965,-17.45934457358726
1076,398.06398394978373,380.6046393761965,-17.45934457358726
1077,398.06398394978373,380.6046393761965,-17.45934457358726
1078,398.06398394978373,380.6046393761965,-17.45934457358726
1079,398.06398394978373,380.6046393761965,-17.45934457358726
1080,398.06398394978373,380.6046393761965,-17.45934457358726
1081,97.49639551380929,114.95574008739672,17.45934457358743
1082,212.94941379304188,230.4087583666293,17.45934457358743
1083,398.06398394978373,380.6046393761965,-17.45934457358726
1084,308.97809644784115,326.4374410214286,17.45934457358743
1085,353.01073027355403,370.4700748471414,17.459344573587373
1086,122.27024068266095,139.72958525624838,17.45934457358743
1087,294.5410375524375,312.0003821260249,17.459344573587373
1088,122.90394536731023,140.36328994089766,17.45934457358743
1089,242.56997949788115,260.0293240714686,17.45934457358743
1090,398.06398394978373,380.6046393761965,-17.45934457358726
1091,202.14951274747332,219.60885732106075,17.45934457358743
1092,241.5184574478391,258.97780202142656,17.459344573587458
1093,398.06398394978373,380.6046393761965,-17.45934457358726
1094,398.06398394978373,380.6046393761965,-17.45934457358726
1095,398.06398394978373,380.6046393761965,-17.45934457358726
1096,398.06398394978373,380.6046393761965,-17.45934457358726
1097,253.58437464338127,271.0437192169687,17.459344573587458
1098,285.0667451412596,302.526089714847,17.459344573587373
1099,20.564785836050177,38.02413040963761,17.45934457358743
1100,398.06398394978373,380.6046393761965,-17.45934457358726
1101,322.8284021058708,340.2877466794582,17.45934457358743
1102,367.05770375229645,380.6046393761965,13.546935623900026
1103,158.23955607815475,175.69890065174218,17.45934457358743
1104,398.06398394978373,380.6046393761965,-17.45934457358726
1105,398.06398394978373,380.6046393761965,-17.45934457358726
1106,398.06398394978373,380.6046393761965,-17.45934457358726
1107,82.43660907999443,99.89595365358186,17.45934457358743
1108,200.18392947903527,217.6432740526227,17.45934457358743
1109,360.3377114780079,377.7970560515954,17.459344573587487
1110,201.1388587347184,218.59820330830584,17.45934457358743
1111,398.06398394978373,380.6046393761965,-17.45934457358726
1112,398.06398394978373,380.6046393761965,-17.45934457358726
1113,215.70741588398465,233.16676045757208,17.45934457358743
1114,328.39087766910745,345.85022224269494,17.459344573587487
1115,228.49693108799644,245.95627566158387,17.45934457358743
1116,398.06398394978373,380.6046393761965,-17.45934457358726
1117,398.06398394978373,380.6046393761965,-17.45934457358726
1118,398.06398394978373,380.6046393761965,-17.45934457358726
1119,369.7996982819643,380.6046393761965,10.804941094232163
1120,184.43797856214047,201.8973231357279,17.45934457358743
1121,398.06398394978373,380.6046393761965,-17.45934457358726
1122,317.66518299888753,335.12452757247496,17.45934457358743
1123,398.06398394978373,380.6046393761965,-17.45934457358726
1124,398.06398394978373,380.6046393761965,-17.45934457358726
1125,306.7852384015182,324.2445829751056,17.459344573587373
1126,398.06398394978373,380.6046393761965,-17.45934457358726
1127,13.658656743542508,31.118001317129938,17.45934457358743
1128,398.06398394978373,380.6046393761965,-17.45934457358726
1129,398.06398394978373,380.6046393761965,-17.45934457358726
1130,316.5898350357189,334.0491796093064,17.459344573587487
1131,263.9876560770395,281.44700065062693,17.45934457358743
1132,398.06398394978373,380.6046393761965,-17.45934457358726
1133,262.96571767915304,280.42506225274053,17.459344573587487
1134,398.06398394978373,380.6046393761965,-17.45934457358726
1135,263.07584073545354,280.53518530904097,17.45934457358743
1136,379.7885533174399,380.6046393761965,0.8160860587565821
1137,398.06398394978373,380.6046393761965,-17.45934457358726
1138,398.06398394978373,380.6046393761965,-17.45934457358726
1139,398.06398394978373,380.6046393761965,-17.45934457358726
1140,398.06398394978373,380.6046393761965,-17.45934457358726
1141,355.2258582593528,372.68520283294026,17.459344573587487
1142,305.2577605432185,322.717105116806,17.459344573587487
1143,245.1460710868019,262.6054156603893,17.45934457358743
1144,398.06398394978373,380.6046393761965,-17.45934457358726
1145,398.06398394978373,380.6046393761965,-17.45934457358726
1146,230.31252570751644,247.77187028110387,17.45934457358743
1147,398.06398394978373,380.6046393761965,-17.45934457358726
1148,146.38382837420482,163.84317294779225,17.45934457358743
1149,398.06398394978373,380.6046393761965,-17.45934457358726
1150,398.06398394978373,380.6046393761965,-17.45934457358726
1151,397.2104782380068,380.6046393761965,-16.605838861810298
1152,209.0835239427432,226.54286851633063,17.45934457358743
1153,398.06398394978373,380.6046393761965,-17.45934457358726
1154,398.06398394978373,380.6046393761965,-17.45934457358726
1155,332.13459244443953,349.59393701802696,17.45934457358743
1156,398.06398394978373,380.6046393761965,-17.45934457358726
1157,120.68612797170704,138.14547254529447,17.45934457358743
1158,247.5598358430089,265.0191804165963,17.45934457358743
1159,184.05176299280106,201.5111075663885,17.45934457358743
1160,397.7126282364435,380.6046393761965,-17.10798886024702
1161,398.06398394978373,380.6046393761965,-17.45934457358726
1162,382.4904502165233,380.6046393761965,-1.885810840326826
1163,398.06398394978373,380.6046393761965,-17.45934457358726
1164,364.26212811984317,380.6046393761965,16.342511256353305
1165,284.77486301839696,302.2342075919844,17.45934457358743
1166,398.06398394978373,380.6046393761965,-17.45934457358726
1167,398.06398394978373,380.6046393761965,-17.45934457358726
1168,398.06398394978373,380.6046393761965,-17.45934457358726
1169,398.06398394978373,380.6046393761965,-17.45934457358726
1170,207.60237586122417,225.0617204348116,17.45934457358743
1171,-34.18381197300472,-16.724467399417293,17.45934457358743
1172,398.06398394978373,380.6046393761965,-17.45934457358726
1173,146.00212980514166,163.4614743787291,17.45934457358743
1174,109.99380914845338,127.45315372204081,17.45934457358743
1175,99.37069246299647,116.8300370365839,17.45934457358743
1176,238.34940668427285,255.80875125786028,17.45934457358743
1177,326.2979881298505,343.7573327034379,17.459344573587373
1178,371.2109546979759,380.6046393761965,9.393684678220552
1179,398.06398394978373,380.6046393761965,-17.45934457358726
1180,139.92224001557085,157.38158458915828,17.45934457358743
1181,367.45420694830636,380.6046393761965,13.15043242789011
1182,134.8427172050449,152.30206177863232,17.45934457358743
1183,175.18289897907758,192.642243552665,17.45934457358743
1184,384.8181897787786,380.6046393761965,-4.213550402582143
1185,398.06398394978373,380.6046393761965,-17.45934457358726
1186,128.25428727213972,145.71363184572715,17.45934457358743
1187,398.06398394978373,380.6046393761965,-17.45934457358726
1188,186.04602166868412,203.50536624227155,17.45934457358743
1189,398.06398394978373,380.6046393761965,-17.45934457358726
1190,357.6818878216823,375.14123239526975,17.45934457358743
1191,398.06398394978373,380.6046393761965,-17.45934457358726
1192,398.06398394978373,380.6046393761965,-17.45934457358726
1193,307.33308446546886,324.7924290390563,17.45934457358743
1194,398.06398394978373,380.6046393761965,-17.45934457358726
1195,119.23968786634236,136.6990324399298,17.45934457358743
1196,125.69189886155579,143.15124343514321,17.45934457358743
1197,292.9207781071751,310.3801226807626,17.459344573587487
1198,398.06398394978373,380.6046393761965,-17.45934457358726
1199,217.9562400642942,235.41558463788164,17.45934457358743
1200,245.3454684067758,262.80481298036324,17.45934457358743
1201,398.06398394978373,380.6046393761965,-17.45934457358726
1202,378.7092289209618,380.6046393761965,1.8954104552346962
1203,369.0388463117845,380.6046393761965,11.565793064411992
1204,165.41709983889928,182.8764444124867,17.45934457358743
1205,382.6082455174767,380.6046393761965,-2.0036061412802155
1206,398.06398394978373,380.6046393761965,-17.45934457358726
1207,356.31289893111705,373.7722435047044,17.459344573587373
1208,398.06398394978373,380.6046393761965,-17.45934457358726
1209,398.06398394978373,380.6046393761965,-17.45934457358726
1210,398.06398394978373,380.6046393761965,-17.45934457358726
1211,398.06398394978373,380.6046393761965,-17.45934457358726
1212,339.29546475074176,356.75480932432913,17.459344573587373
1213,398.06398394978373,380.6046393761965,-17.45934457358726
1214,398.06398394978373,380.6046393761965,-17.45934457358726
1215,398.06398394978373,380.6046393761965,-17.45934457358726
1216,137.80093244906334,155.26027702265077,17.45934457358743
1217,398.06398394978373,380.6046393761965,-17.45934457358726
1218,325.09457526121207,342.55391983479956,17.459344573587487
1219,398.06398394978373,380.6046393761965,-17.45934457358726
1220,398.06398394978373,380.6046393761965,-17.45934457358726
1221,155.71320862090585,173.17255319449328,17.45934457358743
1222,326.9226608428377,344.38200541642516,17.459344573587487
1223,398.06398394978373,380.6046393761965,-17.45934457358726
1224,146.4749430334979,163.93428760708534,17.45934457358743
1225,264.6315835519042,282.09092812549164,17.45934457358743
1226,367.6397240350749,380.6046393761965,12.964915341121582
1227,334.5501897434689,352.00953431705636,17.459344573587487
1228,244.70981365638167,262.16915822996907,17.4593445735874
1229,396.7482033883035,380.6046393761965,-16.14356401210705
1230,107.23333522699491,124.69267980058234,17.45934457358743
1231,246.8710866565381,264.33043123012555,17.459344573587458
1232,242.93385939115265,260.3932039647401,17.459344573587458
1233,301.22288231365485,318.68222688724234,17.459344573587487
1234,301.4574228323952,318.9167674059826,17.45934457358743
1235,364.74269044867026,380.6046393761965,15.861948927526214
1236,290.99871623795264,308.4580608115401,17.459344573587487
1237,276.83049957137905,294.2898441449665,17.45934457358743
1238,398.06398394978373,380.6046393761965,-17.45934457358726
1239,398.06398394978373,380.6046393761965,-17.45934457358726
1240,398.06398394978373,380.6046393761965,-17.45934457358726
1241,145.41744695231088,162.8767915258983,17.45934457358743
1242,398.06398394978373,380.6046393761965,-17.45934457358726
1243,398.06398394978373,380.6046393761965,-17.45934457358726
1244,306.45300129211006,323.9123458656975,17.45934457358743
1245,398.06398394978373,380.6046393761965,-17.45934457358726
1246,316.0639361672428,333.52328074083016,17.459344573587373
1247,398.06398394978373,380.6046393761965,-17.45934457358726
1248,88.99289983087516,106.45224440446259,17.45934457358743
1249,398.06398394978373,380.6046393761965,-17.45934457358726
1250,262.8905772761465,280.34992184973396,17.459344573587487
1251,215.49146384997334,232.95080842356077,17.45934457358743
1252,299.18196294477923,316.6413075183667,17.459344573587487
1253,398.06398394978373,380.6046393761965,-17.45934457358726
1254,398.06398394978373,380.6046393761965,-17.45934457358726
1255,398.06398394978373,380.6046393761965,-17.45934457358726
1256,398.06398394978373,380.6046393761965,-17.45934457358726
1257,277.2134521024824,294.6727966760699,17.459344573587487
1258,129.94711129157955,147.40645586516698,17.45934457358743
1259,41.94771076727416,59.40705534086159,17.45934457358743
1260,355.72841011023434,373.18775468382177,17.45934457358743
1261,330.5725696933039,348.0319142668913,17.45934457358743
1262,370.629508960074,380.6046393761965,9.975130416122454
1263,377.69416902100977,380.6046393761965,2.9104703551867033
1264,398.06398394978373,380.6046393761965,-17.45934457358726
1265,182.3727969451646,199.83214151875202,17.45934457358743
1266,207.79034958903745,225.24969416262488,17.45934457358743
1267,398.06398394978373,380.6046393761965,-17.45934457358726
1268,398.06398394978373,380.6046393761965,-17.45934457358726
1269,297.7498332009061,315.2091777744935,17.45934457358743
1270,19.843277185623123,37.30262175921055,17.45934457358743
1271,194.06184929097367,211.5211938645611,17.45934457358743
1272,285.63594529668865,303.09528987027613,17.459344573587487
1273,343.18852242639775,360.6478669999851,17.459344573587373
1274,398.06398394978373,380.6046393761965,-17.45934457358726
1275,312.4033182302229,329.8626628038104,17.459344573587487
1276,398.06398394978373,380.6046393761965,-17.45934457358726
1277,137.89571845474234,155.35506302832977,17.45934457358743
1278,300.3911930207429,317.8505375943304,17.459344573587487
1279,223.7474567427637,241.20680131635112,17.45934457358743
1280,398.06398394978373,380.6046393761965,-17.45934457358726
1281,398.06398394978373,380.6046393761965,-17.45934457358726
1282,398.06398394978373,380.6046393761965,-17.45934457358726
1283,377.9607161113007,380.6046393761965,2.6439232648957613
1284,398.06398394978373,380.6046393761965,-17.45934457358726
1285,398.06398394978373,380.6046393761965,-17.45934457358726
1286,210.16207626795554,227.62142084154297,17.45934457358743
1287,359.32255970188794,376.78190427547537,17.45934457358743
1288,276.27881732719703,293.73816190078446,17.45934457358743
1289,398.06398394978373,380.6046393761965,-17.45934457358726
1290,398.06398394978373,380.6046393761965,-17.45934457358726
1291,398.06398394978373,380.6046393761965,-17.45934457358726
1292,322.3016562233075,339.7610007968949,17.45934457358743
1293,226.39419374705582,243.85353832064325,17.45934457358743
1294,398.06398394978373,380.6046393761965,-17.45934457358726
1295,398.06398394978373,380.6046393761965,-17.45934457358726
1296,-76.14890920239763,-58.6895646288102,17.45934457358743
1297,378.0871869299854,380.6046393761965,2.5174524462110526
1298,196.87240142295855,214.33174599654598,17.45934457358743
1299,283.79561227027085,301.2549568438583,17.45934457358743
1300,398.06398394978373,380.6046393761965,-17.45934457358726
1301,148.17561177076982,165.63495634435725,17.45934457358743
1302,163.3913190275231,180.85066360111054,17.45934457358743
1303,398.06398394978373,380.6046393761965,-17.45934457358726
1304,265.2957023201498,282.75504689373724,17.45934457358743
1305,314.00053398405885,331.4598785576463,17.45934457358743
1306,398.06398394978373,380.6046393761965,-17.45934457358726
1307,259.6473300519124,277.10667462549975,17.459344573587373
1308,374.27016142455864,380.6046393761965,6.334477951637837
1309,398.06398394978373,380.6046393761965,-17.45934457358726
1310,398.06398394978373,380.6046393761965,-17.45934457358726
1311,78.03312817353623,95.49247274712366,17.45934457358743
1312,201.0738675404669,218.53321211405432,17.45934457358743
1313,339.11144706765174,356.5707916412392,17.459344573587487
1314,398.06398394978373,380.6046393761965,-17.45934457358726
1315,236.187029314028,253.64637388761543,17.45934457358743
1316,398.06398394978373,380.6046393761965,-17.45934457358726
1317,260.839923750248,278.29926832383535,17.459344573587373
1318,284.3044356063015,301.76378017988895,17.45934457358743
1319,398.06398394978373,380.6046393761965,-17.45934457358726
1320,316.9313887281759,334.39073330176325,17.459344573587373
1321,398.06398394978373,380.6046393761965,-17.45934457358726
1322,398.06398394978373,380.6046393761965,-17.45934457358726
1323,398.06398394978373,380.6046393761965,-17.45934457358726
1324,398.06398394978373,380.6046393761965,-17.45934457358726
1325,87.22498014160269,104.68432471519012,17.45934457358743
1326,89.47747922346186,106.93682379704929,17.45934457358743
1327,398.06398394978373,380.6046393761965,-17.45934457358726
1328,155.79219961770855,173.25154419129598,17.45934457358743
1329,254.39191401831317,271.8512585919006,17.45934457358743
1330,296.11803322769197,313.5773778012794,17.45934457358743
1331,187.36392297647905,204.82326755006648,17.45934457358743
1332,398.06398394978373,380.6046393761965,-17.45934457358726
1333,398.06398394978373,380.6046393761965,-17.45934457358726
1334,398.06398394978373,380.6046393761965,-17.45934457358726
1335,398.06398394978373,380.6046393761965,-17.45934457358726
1336,189.10621318352256,206.56555775710999,17.45934457358743
1337,398.06398394978373,380.6046393761965,-17.45934457358726
1338,198.8721381468699,216.33148272045733,17.45934457358743
1339,398.06398394978373,380.6046393761965,-17.45934457358726
1340,231.77260437132878,249.2319489449162,17.45934457358743
1341,253.0289738243329,270.48831839792035,17.459344573587458
1342,398.06398394978373,380.6046393761965,-17.45934457358726
1343,398.06398394978373,380.6046393761965,-17.45934457358726
1344,180.885937541642,198.34528211522942,17.45934457358743
1345,398.06398394978373,380.6046393761965,-17.45934457358726
1346,368.05718716101785,380.6046393761965,12.547452215178623
1347,372.33899537305666,380.6046393761965,8.265644003139812
1348,398.06398394978373,380.6046393761965,-17.45934457358726
1349,398.06398394978373,380.6046393761965,-17.45934457358726
1350,398.06398394978373,380.6046393761965,-17.45934457358726
1351,398.06398394978373,380.6046393761965,-17.45934457358726
1352,398.06398394978373,380.6046393761965,-17.45934457358726
1353,346.33705080883516,363.7963953824226,17.45934457358743
1354,398.06398394978373,380.6046393761965,-17.45934457358726
1355,212.00893881587186,229.4682833894593,17.45934457358743
1356,398.06398394978373,380.6046393761965,-17.45934457358726
1357,398.06398394978373,380.6046393761965,-17.45934457358726
1358,398.06398394978373,380.6046393761965,-17.45934457358726
1359,338.7673216507271,356.22666622431456,17.45934457358743
1360,398.06398394978373,380.6046393761965,-17.45934457358726
1361,398.06398394978373,380.6046393761965,-17.45934457358726
1362,398.06398394978373,380.6046393761965,-17.45934457358726
1363,398.06398394978373,380.6046393761965,-17.45934457358726
1364,398.06398394978373,380.6046393761965,-17.45934457358726
1365,398.06398394978373,380.6046393761965,-17.45934457358726
1366,133.00974672742882,150.46909130101625,17.45934457358743
1367,2.0807149269295735,19.540059500517003,17.45934457358743
1368,398.06398394978373,380.6046393761965,-17.45934457358726
1369,398.06398394978373,380.6046393761965,-17.45934457358726
1370,398.06398394978373,380.6046393761965,-17.45934457358726
1371,398.06398394978373,380.6046393761965,-17.45934457358726
1372,30.252543479129386,47.711888052716816,17.45934457358743
1373,398.06398394978373,380.6046393761965,-17.45934457358726
1374,398.06398394978373,380.6046393761965,-17.45934457358726
1375,398.06398394978373,380.6046393761965,-17.45934457358726
1376,183.61855906994256,201.07790364353,17.45934457358743
1377,193.30530688371059,210.76465145729802,17.45934457358743
1378,228.44577220975148,245.9051167833389,17.45934457358743
1379,238.50334939066457,255.962693964252,17.45934457358743
1380,78.98151586258705,96.44086043617448,17.45934457358743
1381,229.76418112107427,247.2235256946617,17.45934457358743
1382,398.06398394978373,380.6046393761965,-17.45934457358726
1383,163.95821694043738,181.4175615140248,17.45934457358743
1384,44.76655919117043,62.22590376475786,17.45934457358743
1385,308.8543575367738,326.3137021103612,17.459344573587373
1386,262.5940252153529,280.05336978894036,17.459344573587487
1387,398.06398394978373,380.6046393761965,-17.45934457358726
1388,217.93980587629798,235.3991504498854,17.45934457358743
1389,328.3724110659349,345.83175563952227,17.459344573587373
1390,200.4304279244771,217.88977249806453,17.45934457358743
1391,177.35181840486507,194.8111629784525,17.45934457358743
1392,398.06398394978373,380.6046393761965,-17.45934457358726
1393,395.724986619152,380.6046393761965,-15.120347242955518
1394,355.58002863930767,373.03937321289504,17.459344573587373
1395,398.06398394978373,380.6046393761965,-17.45934457358726
1396,202.4652939082285,219.92463848181592,17.45934457358743
1397,371.8478427621844,380.6046393761965,8.756796614012046
1398,398.06398394978373,380.6046393761965,-17.45934457358726
1399,398.06398394978373,380.6046393761965,-17.45934457358726
1400,40.693558103126776,58.152902676714206,17.45934457358743
1401,291.94576201277783,309.40510658636526,17.45934457358743
1402,398.06398394978373,380.6046393761965,-17.45934457358726
1403,247.53772909733894,264.9970736709264,17.459344573587458
1404,387.8146872145719,380.6046393761965,-7.210047838375431
1405,398.06398394978373,380.6046393761965,-17.45934457358726
1406,398.06398394978373,380.6046393761965,-17.45934457358726
1407,62.56861878297654,80.02796335656397,17.45934457358743
1408,138.4435456001172,155.90289017370463,17.45934457358743
1409,-64.57325418197219,-47.11390960838476,17.45934457358743
1410,398.06398394978373,380.6046393761965,-17.45934457358726
1411,398.06398394978373,380.6046393761965,-17.45934457358726
1412,398.06398394978373,380.6046393761965,-17.45934457358726
1413,378.5950403951239,380.6046393761965,2.0095989810725996
1414,148.26482596989305,165.72417054348048,17.45934457358743
1415,398.06398394978373,380.6046393761965,-17.45934457358726
1416,120.63227625760052,138.09162083118795,17.45934457358743
1417,366.1132002536197,380.6046393761965,14.491439122576764
1418,321.5059752929397,338.9653198665271,17.45934457358743
1419,398.06398394978373,380.6046393761965,-17.45934457358726
1420,398.06398394978373,380.6046393761965,-17.45934457358726
1421,277.07364127956214,294.5329858531495,17.459344573587373
1422,218.35884184310248,235.8181864166899,17.45934457358743
1423,355.66434528382626,373.12368985741375,17.459344573587487
1424,247.07436523727088,264.53370981085834,17.459344573587458
1425,398.06398394978373,380.6046393761965,-17.45934457358726
1426,398.06398394978373,380.6046393761965,-17.45934457358726
1427,398.06398394978373,380.6046393761965,-17.45934457358726
1428,398.06398394978373,380.6046393761965,-17.45934457358726
1429,194.73518113542173,212.19452570900916,17.45934457358743
1430,242.67616484366323,260.13550941725066,17.45934457358743
1431,398.06398394978373,380.6046393761965,-17.45934457358726
1432,398.06398394978373,380.6046393761965,-17.45934457358726
1433,292.8588001555359,310.31814472912333,17.45934457358743
1434,63.31386639831794,80.77321097190537,17.45934457358743
1435,398.06398394978373,380.6046393761965,-17.45934457358726
1436,386.28183408774817,380.6046393761965,-5.677194711551692
1437,143.98847351525424,161.44781808884167,17.45934457358743
1438,-21.164490247789615,-3.7051456742021855,17.45934457358743
1439,398.06398394978373,380.6046393761965,-17.45934457358726
1440,398.06398394978373,380.6046393761965,-17.45934457358726
1441,367.8551269229871,380.6046393761965,12.749512453209377
1442,165.00724166968288,182.4665862432703,17.45934457358743
1443,343.90322446614306,361.3625690397305,17.45934457358743
1444,283.8469790197647,301.3063235933522,17.459344573587487
1445,-32.171758140158175,-14.712413566570746,17.45934457358743
1446,398.06398394978373,380.6046393761965,-17.45934457358726
1447,398.06398394978373,380.6046393761965,-17.45934457358726
1448,293.084983653676,310.54432822726346,17.459344573587487
1449,176.70682042238536,194.1661649959728,17.45934457358743
1450,241.45840955534626,258.91775412893367,17.4593445735874
1451,398.06398394978373,380.6046393761965,-17.45934457358726
1452,398.06398394978373,380.6046393761965,-17.45934457358726
1453,117.25887805857352,134.71822263216094,17.45934457358743
1454,398.06398394978373,380.6046393761965,-17.45934457358726
1455,398.06398394978373,380.6046393761965,-17.45934457358726
1456,398.06398394978373,380.6046393761965,-17.45934457358726
1457,337.12379280359414,354.5831373771816,17.45934457358743
1458,328.9537372273812,346.4130818009686,17.459344573587373
1459,398.06398394978373,380.6046393761965,-17.45934457358726
1460,320.1508866283376,337.6102312019251,17.459344573587487
1461,105.30388583927166,122.76323041285909,17.45934457358743
1462,170.10256264321637,187.5619072168038,17.45934457358743
1463,367.9923774207978,380.6046393761965,12.612261955398651
1464,77.74314125528896,95.20248582887639,17.45934457358743
1465,336.0604208466377,353.51976542022516,17.45934457358743
1466,297.2300403507948,314.68938492438224,17.45934457358743
1467,398.06398394978373,380.6046393761965,-17.45934457358726
1468,398.06398394978373,380.6046393761965,-17.45934457358726
1469,301.2952317340464,318.7545763076338,17.459344573587373
1470,301.68823138423124,319.14757595781873,17.459344573587487
1471,398.06398394978373,380.6046393761965,-17.45934457358726
1472,398.06398394978373,380.6046393761965,-17.45934457358726
1473,157.82221720408657,175.281561777674,17.45934457358743
1474,87.05717074539749,104.51651531898491,17.45934457358743
1475,214.38711849039896,231.8464630639864,17.45934457358743
1476,-12.711845751362617,4.747498822224813,17.45934457358743
1477,207.14665194347867,224.6059965170661,17.45934457358743
1478,398.06398394978373,380.6046393761965,-17.45934457358726
1479,398.06398394978373,380.6046393761965,-17.45934457358726
1480,398.06398394978373,380.6046393761965,-17.45934457358726
1481,380.93536117226637,380.6046393761965,-0.33072179606989494
1482,398.06398394978373,380.6046393761965,-17.45934457358726
1483,243.01461657958603,260.4739611531735,17.459344573587458
1484,256.18839768016267,273.64774225375004,17.459344573587373
1485,398.06398394978373,380.6046393761965,-17.45934457358726
1486,398.06398394978373,380.6046393761965,-17.45934457358726
1487,398.06398394978373,380.6046393761965,-17.45934457358726
1488,20.66783897995579,38.12718355354322,17.45934457358743
1489,398.06398394978373,380.6046393761965,-17.45934457358726
1490,366.07468037110544,380.6046393761965,14.52995900509103
1491,242.48478025837326,259.9441248319607,17.459344573587458
1492,397.7121358054024,380.6046393761965,-17.107496429205924
1493,398.06398394978373,380.6046393761965,-17.45934457358726
1494,397.4796333154243,380.6046393761965,-16.874993939227807
1495,217.4538950097764,234.91323958336383,17.45934457358743
1496,398.06398394978373,380.6046393761965,-17.45934457358726
1497,234.34114515461002,251.80048972819745,17.45934457358743
1498,398.06398394978373,380.6046393761965,-17.45934457358726
1499,398.06398394978373,380.6046393761965,-17.45934457358726
1500,192.5378707793587,209.99721535294614,17.45934457358743
1501,398.06398394978373,380.6046393761965,-17.45934457358726
1502,194.68654593219085,212.14589050577828,17.45934457358743
1503,306.4258100922681,323.88515466585557,17.459344573587487
1504,210.61457496589523,228.07391953948266,17.45934457358743
1505,398.06398394978373,380.6046393761965,-17.45934457358726
1506,108.85250586037688,126.31185043396431,17.45934457358743
1507,398.06398394978373,380.6046393761965,-17.45934457358726
1508,372.09125680698304,380.6046393761965,8.513382569213434
1509,25.5109082658621,42.97025283944953,17.45934457358743
1510,398.06398394978373,380.6046393761965,-17.45934457358726
1511,245.66386902027176,263.1232135938592,17.45934457358743
1512,306.98899331864834,324.4483378922358,17.459344573587487
1513,398.06398394978373,380.6046393761965,-17.45934457358726
1514,184.30086839245274,201.76021296604017,17.45934457358743
1515,207.43416487919944,224.89350945278687,17.45934457358743
1516,355.3562440576693,372.8155886312567,17.459344573587373
1517,188.97481601781834,206.43416059140577,17.45934457358743
1518,386.1072812807584,380.6046393761965,-5.502641904561926
1519,398.06398394978373,380.6046393761965,-17.45934457358726
1520,165.9622647828766,183.42160935646402,17.45934457358743
1521,78.47225550065727,95.9316000742447,17.45934457358743
1522,334.25688674674507,351.7162313203325,17.45934457358743
1523,398.06398394978373,380.6046393761965,-17.45934457358726
1524,398.06398394978373,380.6046393761965,-17.45934457358726
1525,152.4333433646089,169.89268793819633,17.45934457358743
1526,-18.858909899862184,-1.3995653262747538,17.45934457358743
1527,398.06398394978373,380.6046393761965,-17.45934457358726
1528,398.06398394978373,380.6046393761965,-17.45934457358726
1529,398.06398394978373,380.6046393761965,-17.45934457358726
1530,174.25564920341782,191.71499377700525,17.45934457358743
1531,398.06398394978373,380.6046393761965,-17.45934457358726
1532,398.06398394978373,380.6046393761965,-17.45934457358726
1533,44.05277896323882,61.51212353682625,17.45934457358743
1534,398.06398394978373,380.6046393761965,-17.45934457358726
1535,398.06398394978373,380.6046393761965,-17.45934457358726
1536,398.06398394978373,380.6046393761965,-17.45934457358726
1537,398.06398394978373,380.6046393761965,-17.45934457358726
1538,398.06398394978373,380.6046393761965,-17.45934457358726
1539,306.87119313402184,324.3305377076093,17.459344573587487
1540,99.70036745754683,117.15971203113426,17.45934457358743
1541,181.2527678499019,198.71211242348932,17.45934457358743
1542,324.17719718045885,341.63654175404633,17.459344573587487
1543,194.4010176637498,211.86036223733723,17.45934457358743
1544,398.06398394978373,380.6046393761965,-17.45934457358726
1545,276.60166828397644,294.0610128575639,17.459344573587487
1546,338.15393579295244,355.6132803665399,17.459344573587487
1547,53.322006477928014,70.78135105151544,17.45934457358743
1548,398.06398394978373,380.6046393761965,-17.45934457358726
1549,220.19878197046825,237.65812654405568,17.45934457358743
1550,398.06398394978373,380.6046393761965,-17.45934457358726
1551,59.839614007371026,77.29895858095846,17.45934457358743
1552,398.06398394978373,380.6046393761965,-17.45934457358726
1553,277.2142984872099,294.6736430607973,17.45934457358743
1554,285.82328060079897,303.28262517438634,17.459344573587373
1555,398.06398394978373,380.6046393761965,-17.45934457358726
1556,398.06398394978373,380.6046393761965,-17.45934457358726
1557,194.0555514334496,211.51489600703704,17.45934457358743
1558,398.06398394978373,380.6046393761965,-17.45934457358726
1559,229.95588167967767,247.4152262532651,17.45934457358743
1560,398.06398394978373,380.6046393761965,-17.45934457358726
1561,58.209811387423414,75.66915596101084,17.45934457358743
1562,294.0182135375396,311.47755811112705,17.45934457358743
1563,300.7156262379269,318.17497081151436,17.45934457358743
1564,292.7067678493528,310.1661124229403,17.459344573587487
1565,78.41600568402689,95.87535025761431,17.45934457358743
1566,37.37042371211615,54.82976828570358,17.45934457358743
1567,359.3150816407041,376.77442621429145,17.459344573587373
1568,398.06398394978373,380.6046393761965,-17.45934457358726
1569,370.826644462165,380.6046393761965,9.777994914031467
1570,290.49208549588775,307.9514300694751,17.459344573587373
1571,90.50485117982885,107.96419575341628,17.45934457358743
1572,305.22116896086357,322.68051353445105,17.459344573587487
1573,248.17218331201624,265.63152788560365,17.4593445735874
1574,218.06229961210744,235.52164418569487,17.45934457358743
1575,398.06398394978373,380.6046393761965,-17.45934457358726
1576,398.06398394978373,380.6046393761965,-17.45934457358726
1577,398.06398394978373,380.6046393761965,-17.45934457358726
1578,308.1065366494627,325.56588122305016,17.45934457358743
1579,197.9061541569224,215.36549873050984,17.45934457358743
1580,320.432441874254,337.89178644784135,17.459344573587373
1581,296.8278726230453,314.28721719663275,17.45934457358743
1582,71.74661336378546,89.20595793737289,17.45934457358743
1583,289.00966908478273,306.46901365837016,17.45934457358743
1584,68.97397627746227,86.4333208510497,17.45934457358743
1585,28.016477576449375,45.475822150036805,17.45934457358743
1586,199.30637451023517,216.7657190838226,17.45934457358743
1587,231.7359943377464,249.19533891133383,17.45934457358743
1588,398.06398394978373,380.6046393761965,-17.45934457358726
1589,296.57799412280707,314.0373386963945,17.45934457358743
1590,398.06398394978373,380.6046393761965,-17.45934457358726
1591,398.06398394978373,380.6046393761965,-17.45934457358726
1592,389.99338029499916,380.6046393761965,-9.388740918802682
1593,398.06398394978373,380.6046393761965,-17.45934457358726
1594,222.80065048475095,240.25999505833838,17.45934457358743
1595,398.06398394978373,380.6046393761965,-17.45934457358726
1596,375.76325865390277,380.6046393761965,4.841380722293707
1597,377.3257824220646,380.6046393761965,3.278856954131868
1598,148.06059890535266,165.5199434789401,17.45934457358743
1599,179.70990297725317,197.1692475508406,17.45934457358743
1600,226.0505370842859,243.50988165787334,17.45934457358743
1601,386.06330811289797,380.6046393761965,-5.458668736701497
1602,398.06398394978373,380.6046393761965,-17.45934457358726
1603,89.36065293635016,106.8199975099376,17.45934457358743
1604,284.92852443244817,302.38786900603554,17.459344573587373
1605,296.21013181221826,313.66947638580575,17.459344573587487
1606,398.06398394978373,380.6046393761965,-17.45934457358726
1607,318.7974571753685,336.2568017489559,17.45934457358743
1608,251.16846130202535,268.6278058756128,17.459344573587458
1609,398.06398394978373,380.6046393761965,-17.45934457358726
1610,150.6218637066166,168.08120828020404,17.45934457358743
1611,398.06398394978373,380.6046393761965,-17.45934457358726
1612,66.58172627267119,84.04107084625862,17.45934457358743
1613,398.06398394978373,380.6046393761965,-17.45934457358726
1614,351.66182198945376,369.1211665630412,17.45934457358743
1615,271.96763043489375,289.42697500848124,17.459344573587487
1616,118.37956308412208,135.8389076577095,17.45934457358743
1617,328.6072672759393,346.0666118495268,17.459344573587487
1618,380.3675487653787,380.6046393761965,0.23709061081780192
1619,214.93514332384862,232.39448789743605,17.45934457358743
1620,398.06398394978373,380.6046393761965,-17.45934457358726
1621,291.8025940874156,309.26193866100306,17.45934457358743
1622,382.9620632743036,380.6046393761965,-2.357423898107129
1623,398.06398394978373,380.6046393761965,-17.45934457358726
1624,398.06398394978373,380.6046393761965,-17.45934457358726
1625,281.3679873293421,298.8273319029295,17.459344573587373
1626,378.00054798313437,380.6046393761965,2.604091393062106
1627,398.06398394978373,380.6046393761965,-17.45934457358726
1628,398.06398394978373,380.6046393761965,-17.45934457358726
1629,45.71230964299416,63.17165421658159,17.45934457358743
1630,398.06398394978373,380.6046393761965,-17.45934457358726
1631,336.127373666886,353.5867182404735,17.459344573587487
1632,217.6207565529256,235.08010112651303,17.45934457358743
1633,356.4109126168813,373.8702571904687,17.459344573587373
1634,34.94246447211894,52.40180904570637,17.45934457358743
1635,209.75268723662944,227.21203181021687,17.45934457358743
1636,398.06398394978373,380.6046393761965,-17.45934457358726
1637,398.06398394978373,380.6046393761965,-17.45934457358726
1638,345.62019505910746,363.07953963269483,17.459344573587373
1639,398.06398394978373,380.6046393761965,-17.45934457358726
1640,301.0095038599819,318.4688484335693,17.459344573587373
1641,398.06398394978373,380.6046393761965,-17.45934457358726
1642,279.9174325030622,297.37677707664955,17.459344573587373
1643,398.06398394978373,380.6046393761965,-17.45934457358726
1644,293.0330534627898,310.49239803637727,17.459344573587487
1645,175.87275984316008,193.3321044167475,17.45934457358743
1646,171.6394399660599,189.09878453964734,17.45934457358743
1647,233.02988028100185,250.48922485458928,17.45934457358743
1648,398.06398394978373,380.6046393761965,-17.45934457358726
1649,398.06398394978373,380.6046393761965,-17.45934457358726
1650,321.2048640015503,338.6642085751377,17.45934457358743
1651,216.4281203443918,233.88746491797923,17.45934457358743
1652,398.06398394978373,380.6046393761965,-17.45934457358726
1653,398.06398394978373,380.6046393761965,-17.45934457358726
1654,255.3880972898192,272.84744186340663,17.45934457358743
1655,398.06398394978373,380.6046393761965,-17.45934457358726
1656,398.06398394978373,380.6046393761965,-17.45934457358726
1657,398.06398394978373,380.6046393761965,-17.45934457358726
1658,381.20989147458977,380.6046393761965,-0.6052520983932936
1659,396.6824085366917,380.6046393761965,-16.077769160495222
1660,398.06398394978373,380.6046393761965,-17.45934457358726
1661,110.22126741807212,127.68061199165955,17.45934457358743
1662,205.9825149059296,223.44185947951703,17.45934457358743
1663,387.66575785222335,380.6046393761965,-7.061118476026877
1664,99.90118591488576,117.36053048847319,17.45934457358743
1665,398.06398394978373,380.6046393761965,-17.45934457358726
1666,239.7293922332536,257.188736806841,17.4593445735874
1667,277.15884799156504,294.6181925651525,17.459344573587487
1668,398.06398394978373,380.6046393761965,-17.45934457358726
1669,398.06398394978373,380.6046393761965,-17.45934457358726
1670,358.5463278328639,376.00567240645125,17.459344573587373
1671,213.44777522092505,230.90711979451248,17.45934457358743
1672,184.41500773710473,201.87435231069216,17.45934457358743
1673,398.06398394978373,380.6046393761965,-17.45934457358726
1674,248.2188199526922,265.6781645262796,17.4593445735874
1675,398.06398394978373,380.6046393761965,-17.45934457358726
1676,398.06398394978373,380.6046393761965,-17.45934457358726
1677,-95.82141898503086,-78.36207441144343,17.45934457358743
1678,185.16416088213532,202.62350545572275,17.45934457358743
1679,398.06398394978373,380.6046393761965,-17.45934457358726
1680,398.06398394978373,380.6046393761965,-17.45934457358726
1681,25.500754036531504,42.96009861011893,17.45934457358743
1682,274.76231633096825,292.22166090455573,17.459344573587487
1683,398.06398394978373,380.6046393761965,-17.45934457358726
1684,227.0514360071326,244.51078058072002,17.45934457358743
1685,384.4273479297956,380.6046393761965,-3.8227085535991137
1686,263.4950795452824,280.95442411886984,17.45934457358743
1687,398.06398394978373,380.6046393761965,-17.45934457358726
1688,156.86179445711582,174.32113903070325,17.45934457358743
1689,373.38269326704017,380.6046393761965,7.221946109156306
1690,101.80991029741796,119.26925487100539,17.45934457358743
1691,398.06398394978373,380.6046393761965,-17.45934457358726
1692,398.06398394978373,380.6046393761965,-17.45934457358726
1693,360.0461368315074,377.5054814050949,17.459344573587487
1694,376.5619375521844,380.6046393761965,4.042701824012056
1695,374.3791606106538,380.6046393761965,6.225478765542675
1696,289.4627139825951,306.9220585561825,17.459344573587373
1697,398.06398394978373,380.6046393761965,-17.45934457358726
1698,398.06398394978373,380.6046393761965,-17.45934457358726
1699,352.87573545145244,370.33508002503993,17.459344573587487
1700,245.4777703299395,262.9371149035269,17.4593445735874
1701,281.990973304774,299.4503178783615,17.459344573587487
1702,271.69593270392403,289.15527727751146,17.45934457358743
1703,398.06398394978373,380.6046393761965,-17.45934457358726
1704,398.06398394978373,380.6046393761965,-17.45934457358726
1705,398.06398394978373,380.6046393761965,-17.45934457358726
1706,330.2025856559668,347.6619302295543,17.459344573587487
1707,385.3562421499378,380.6046393761965,-4.751602773741354
1708,238.95844467276808,256.4177892463555,17.4593445735874
1709,391.3024982021982,380.6046393761965,-10.69785882600172
1710,274.4242466841429,291.88359125773025,17.459344573587373
1711,197.3828943421188,214.84223891570622,17.45934457358743
1712,398.06398394978373,380.6046393761965,-17.45934457358726
1713,398.06398394978373,380.6046393761965,-17.45934457358726
1714,196.29363331609844,213.75297788968587,17.45934457358743
1715,234.83374204649604,252.29308662008347,17.45934457358743
1716,359.3279310607154,376.7872756343028,17.459344573587373
1717,398.06398394978373,380.6046393761965,-17.45934457358726
1718,398.06398394978373,380.6046393761965,-17.45934457358726
1719,235.37232837641974,252.83167295000717,17.45934457358743
1720,337.1700541358551,354.6293987094425,17.45934457358743
1721,208.07560769036678,225.5349522639542,17.45934457358743
1722,193.71849879382376,211.17784336741119,17.45934457358743
1723,267.58445639997774,285.0438009735652,17.459344573587487
1724,152.84976234388455,170.30910691747198,17.45934457358743
1725,398.06398394978373,380.6046393761965,-17.45934457358726
1726,398.06398394978373,380.6046393761965,-17.45934457358726
1727,257.71889989512806,275.1782444687155,17.45934457358743
1728,222.507865475876,239.96721004946343,17.45934457358743
1729,398.06398394978373,380.6046393761965,-17.45934457358726
1730,317.41415393671656,334.873498510304,17.45934457358743
1731,398.06398394978373,380.6046393761965,-17.45934457358726
1732,-72.50434201043235,-55.04499743684492,17.45934457358743
1733,327.08441742332684,344.54376199691427,17.45934457358743
1734,166.4616219484438,183.92096652203122,17.45934457358743
1735,252.52569960556553,269.98504417915296,17.45934457358743
1736,398.06398394978373,380.6046393761965,-17.45934457358726
1737,398.06398394978373,380.6046393761965,-17.45934457358726
1738,324.7371040910472,342.19644866463466,17.459344573587487
1739,398.06398394978373,380.6046393761965,-17.45934457358726
1740,149.27250334779288,166.7318479213803,17.45934457358743
1741,398.06398394978373,380.6046393761965,-17.45934457358726
1742,328.5564230199412,346.0157675935286,17.45934457358743
1743,63.42119979529076,80.88054436887819,17.45934457358743
1744,398.06398394978373,380.6046393761965,-17.45934457358726
1745,226.12010898158783,243.57945355517526,17.45934457358743
1746,398.06398394978373,380.6046393761965,-17.45934457358726
1747,209.3531407756896,226.81248534927704,17.45934457358743
1748,398.06398394978373,380.6046393761965,-17.45934457358726
1749,398.06398394978373,380.6046393761965,-17.45934457358726
1750,362.0204785204804,379.4798230940678,17.459344573587373
1751,263.26302648521744,280.7223710588049,17.459344573587487
1752,398.06398394978373,380.6046393761965,-17.45934457358726
1753,398.06398394978373,380.6046393761965,-17.45934457358726
1754,274.80715383580184,292.2664984093893,17.459344573587487
1755,373.12643770357613,380.6046393761965,7.478201672620344
1756,345.3994215610969,362.8587661346843,17.459344573587373
1757,291.1124612894066,308.57180586299404,17.45934457358743
1758,398.06398394978373,380.6046393761965,-17.45934457358726
1759,398.06398394978373,380.6046393761965,-17.45934457358726
1760,257.8758488394583,275.33519341304566,17.459344573587373
1761,338.1141452328204,355.57348980640785,17.45934457358743
1762,180.4558290171291,197.91517359071653,17.45934457358743
1763,117.75348086516448,135.2128254387519,17.45934457358743
1764,398.06398394978373,380.6046393761965,-17.45934457358726
1765,228.16185778248314,245.62120235607057,17.45934457358743
1766,398.06398394978373,380.6046393761965,-17.45934457358726
1767,114.33978919906036,131.7991337726478,17.45934457358743
1768,234.2253724643189,251.68471703790632,17.45934457358743
1769,398.06398394978373,380.6046393761965,-17.45934457358726
1770,398.06398394978373,380.6046393761965,-17.45934457358726
1771,398.06398394978373,380.6046393761965,-17.45934457358726
1772,398.06398394978373,380.6046393761965,-17.45934457358726
1773,398.06398394978373,380.6046393761965,-17.45934457358726
1774,398.06398394978373,380.6046393761965,-17.45934457358726
1775,398.06398394978373,380.6046393761965,-17.45934457358726
1776,398.06398394978373,380.6046393761965,-17.45934457358726
1777,339.9678423978728,357.42718697146023,17.45934457358743
1778,165.99882061750174,183.45816519108917,17.45934457358743
1779,263.1241607252246,280.58350529881204,17.45934457358743
1780,295.3656658885634,312.8250104621508,17.459344573587373
1781,398.06398394978373,380.6046393761965,-17.45934457358726
1782,86.08092667277575,103.54027124636318,17.45934457358743
1783,205.44876218223467,222.9081067558221,17.45934457358743
1784,165.32497983577056,182.784324409358,17.45934457358743
1785,398.06398394978373,380.6046393761965,-17.45934457358726
1786,223.3408343235519,240.80017889713932,17.45934457358743
1787,46.50782320112353,63.96716777471096,17.45934457358743
1788,18.714364863730992,36.17370943731842,17.45934457358743
1789,398.06398394978373,380.6046393761965,-17.45934457358726
1790,73.14319483185477,90.6025394054422,17.45934457358743
1791,398.06398394978373,380.6046393761965,-17.45934457358726
1792,398.06398394978373,380.6046393761965,-17.45934457358726
1793,146.70851886992818,164.1678634435156,17.45934457358743
1794,289.4479181157245,306.907262689312,17.459344573587487
1795,365.8820512646122,380.6046393761965,14.722588111584287
1796,91.42742936188083,108.88677393546826,17.45934457358743
1797,129.84328204752205,147.30262662110948,17.45934457358743
1798,231.28286135130725,248.74220592489468,17.45934457358743
1799,351.34515745604,368.80450202962743,17.45934457358743
1800,398.06398394978373,380.6046393761965,-17.45934457358726
1801,38.18457003974295,55.64391461333038,17.45934457358743
1802,398.06398394978373,380.6046393761965,-17.45934457358726
1803,333.3680463303692,350.82739090395665,17.45934457358743
1804,301.735790358587,319.19513493217437,17.459344573587373
1805,262.5220894765321,279.98143405011945,17.459344573587373
1806,398.06398394978373,380.6046393761965,-17.45934457358726
1807,398.06398394978373,380.6046393761965,-17.45934457358726
1808,262.8889712418878,280.3483158154753,17.459344573587487
1809,320.9563075630051,338.41565213659254,17.45934457358743
1810,76.2568942040391,93.71623877762653,17.45934457358743
1811,273.4346574436173,290.8940020172048,17.459344573587487
1812,398.06398394978373,380.6046393761965,-17.45934457358726
1813,335.71228589397117,353.17163046755866,17.459344573587487
1814,398.06398394978373,380.6046393761965,-17.45934457358726
1815,334.3084057894135,351.7677503630009,17.45934457358743
1816,380.9577160302456,380.6046393761965,-0.3530766540491186
1817,398.06398394978373,380.6046393761965,-17.45934457358726
1818,398.06398394978373,380.6046393761965,-17.45934457358726
1819,30.285193478193875,47.744538051781305,17.45934457358743
1820,314.59404730047186,332.0533918740593,17.45934457358743
1821,-74.46333779584242,-57.00399322225499,17.45934457358743
1822,365.7793422391537,380.6046393761965,14.825297137042753
1823,250.5527975798734,268.01214215346084,17.45934457358743
1824,242.00700388704942,259.4663484606368,17.4593445735874
1825,398.06398394978373,380.6046393761965,-17.45934457358726
1826,398.06398394978373,380.6046393761965,-17.45934457358726
1827,398.06398394978373,380.6046393761965,-17.45934457358726
1828,398.06398394978373,380.6046393761965,-17.45934457358726
1829,398.06398394978373,380.6046393761965,-17.45934457358726
1830,313.1186753119098,330.5780198854972,17.45934457358743
1831,311.6594861996134,329.11883077320084,17.45934457358743
1832,346.41878897211814,363.87813354570557,17.45934457358743
1833,398.06398394978373,380.6046393761965,-17.45934457358726
1834,275.21942800823814,292.67877258182557,17.45934457358743
1835,373.3117339120613,380.6046393761965,7.292905464135174
1836,398.06398394978373,380.6046393761965,-17.45934457358726
1837,398.06398394978373,380.6046393761965,-17.45934457358726
1838,263.9989045619891,281.45824913557647,17.459344573587373
1839,398.06398394978373,380.6046393761965,-17.45934457358726
1840,398.06398394978373,380.6046393761965,-17.45934457358726
1841,398.06398394978373,380.6046393761965,-17.45934457358726
1842,398.06398394978373,380.6046393761965,-17.45934457358726
1843,398.06398394978373,380.6046393761965,-17.45934457358726
1844,218.12286264566205,235.58220721924948,17.45934457358743
1845,398.06398394978373,380.6046393761965,-17.45934457358726
1846,225.68390903316853,243.14325360675596,17.45934457358743
1847,385.6865323197494,380.6046393761965,-5.08189294355293
1848,398.06398394978373,380.6046393761965,-17.45934457358726
1849,295.53068799337757,312.990032566965,17.45934457358743
1850,395.5312377234073,380.6046393761965,-14.926598347210813
1851,370.0644287276425,380.6046393761965,10.540210648553966
1852,398.06398394978373,380.6046393761965,-17.45934457358726
1853,398.06398394978373,380.6046393761965,-17.45934457358726
1854,95.54163455755439,113.00097913114182,17.45934457358743
1855,258.91507075284665,276.37441532643413,17.459344573587487
1856,398.06398394978373,380.6046393761965,-17.45934457358726
1857,33.75314605828876,51.21249063187619,17.45934457358743
1858,237.5230073728121,254.98235194639952,17.45934457358743
1859,398.06398394978373,380.6046393761965,-17.45934457358726
1860,48.27169192473926,65.73103649832669,17.45934457358743
1861,196.9235697000923,214.38291427367972,17.45934457358743
1862,207.1789074540428,224.63825202763022,17.45934457358743
1863,398.06398394978373,380.6046393761965,-17.45934457358726
1864,195.7147568847296,213.17410145831704,17.45934457358743
1865,398.06398394978373,380.6046393761965,-17.45934457358726
1866,238.83883724019202,256.2981818137795,17.459344573587458
1867,370.5516136048087,380.6046393761965,10.053025771387752
1868,151.40420586207142,168.86355043565885,17.45934457358743
1869,99.45554661721194,116.91489119079937,17.45934457358743
1870,269.7431019170563,287.20244649064375,17.45934457358743
1871,113.53043841460953,130.98978298819696,17.45934457358743
1872,329.5165689308897,346.97591350447715,17.45934457358743
1873,395.27013890747344,380.6046393761965,-14.665499531276964
1874,398.06398394978373,380.6046393761965,-17.45934457358726
1875,398.06398394978373,380.6046393761965,-17.45934457358726
1876,398.06398394978373,380.6046393761965,-17.45934457358726
1877,156.05426146559626,173.51360603918368,17.45934457358743
1878,216.77617886191317,234.2355234355006,17.45934457358743
1879,398.06398394978373,380.6046393761965,-17.45934457358726
1880,355.85707633553653,373.31642090912396,17.45934457358743
1881,286.0021738635647,303.4615184371521,17.45934457358743
1882,398.06398394978373,380.6046393761965,-17.45934457358726
1883,239.65099179487575,257.1103363684632,17.459344573587458
1884,398.06398394978373,380.6046393761965,-17.45934457358726
1885,303.01905454508784,320.47839911867527,17.45934457358743
1886,398.06398394978373,380.6046393761965,-17.45934457358726
1887,335.9849457180916,353.44429029167895,17.459344573587373
1888,398.06398394978373,380.6046393761965,-17.45934457358726
1889,398.06398394978373,380.6046393761965,-17.45934457358726
1890,398.06398394978373,380.6046393761965,-17.45934457358726
1891,208.27190640607955,225.73125097966698,17.45934457358743
1892,286.40532775390926,303.8646723274967,17.45934457358743
1893,107.30659445396155,124.76593902754898,17.45934457358743
1894,63.89729280029184,81.35663737387927,17.45934457358743
1895,263.9814118425107,281.4407564160981,17.45934457358743
1896,398.06398394978373,380.6046393761965,-17.45934457358726
1897,398.06398394978373,380.6046393761965,-17.45934457358726
1898,279.9242244374699,297.38356901105726,17.459344573587373
1899,398.06398394978373,380.6046393761965,-17.45934457358726
1900,398.06398394978373,380.6046393761965,-17.45934457358726
1901,398.06398394978373,380.6046393761965,-17.45934457358726
1902,312.43728064679914,329.89662522038657,17.45934457358743
1903,131.39399599459708,148.8533405681845,17.45934457358743
1904,398.06398394978373,380.6046393761965,-17.45934457358726
1905,305.18995004773194,322.6492946213193,17.459344573587373
1906,398.06398394978373,380.6046393761965,-17.45934457358726
1907,288.88800306653025,306.3473476401177,17.45934457358743
1908,398.06398394978373,380.6046393761965,-17.45934457358726
1909,332.5095023716536,349.968846945241,17.45934457358743
1910,293.3700721566212,310.82941673020866,17.459344573587487
1911,334.5648927318221,352.02423730540954,17.45934457358743
1912,398.06398394978373,380.6046393761965,-17.45934457358726
1913,138.67284307833893,156.13218765192636,17.45934457358743
1914,176.82186352869462,194.28120810228205,17.45934457358743
1915,398.06398394978373,380.6046393761965,-17.45934457358726
1916,218.4724810699891,235.93182564357653,17.45934457358743
1917,398.06398394978373,380.6046393761965,-17.45934457358726
1918,116.58477059661814,134.04411517020557,17.45934457358743
1919,319.43137706725526,336.8907216408427,17.45934457358743
1920,398.06398394978373,380.6046393761965,-17.45934457358726
1921,385.2655839239965,380.6046393761965,-4.6609445478
1922,398.06398394978373,380.6046393761965,-17.45934457358726
1923,282.49907889145203,299.95842346503946,17.45934457358743
1924,388.1307379386669,380.6046393761965,-7.526098562470452
1925,54.334529999297644,71.79387457288507,17.45934457358743
1926,74.24775611250557,91.707100686093,17.45934457358743
1927,398.06398394978373,380.6046393761965,-17.45934457358726
1928,55.99255016225001,73.45189473583744,17.45934457358743
1929,398.06398394978373,380.6046393761965,-17.45934457358726
1930,398.06398394978373,380.6046393761965,-17.45934457358726
1931,137.28005529613353,154.73939986972096,17.45934457358743
1932,3.3557953948638044,20.815139968451234,17.45934457358743
1933,-23.994160012097282,-6.5348154385098525,17.45934457358743
1934,398.06398394978373,380.6046393761965,-17.45934457358726
1935,342.5972816855724,360.05662625915977,17.459344573587373
1936,398.06398394978373,380.6046393761965,-17.45934457358726
1937,398.06398394978373,380.6046393761965,-17.45934457358726
1938,398.06398394978373,380.6046393761965,-17.45934457358726
1939,398.06398394978373,380.6046393761965,-17.45934457358726
1940,178.45055498378366,195.9098995573711,17.45934457358743
1941,322.6141944073722,340.07353898095965,17.45934457358743
1942,195.57308618292132,213.03243075650875,17.45934457358743
1943,295.28206272898433,312.7414073025717,17.459344573587373
1944,255.4938050923694,272.95314966595686,17.459344573587458
1945,312.098105222978,329.5574497965654,17.459344573587373
1946,398.06398394978373,380.6046393761965,-17.45934457358726
1947,248.18988007812928,265.64922465171674,17.459344573587458
1948,136.96490009546784,154.42424466905527,17.45934457358743
1949,233.1646202263633,250.62396479995073,17.45934457358743
1950,262.40840823018027,279.86775280376776,17.459344573587487
1951,242.39582915072702,259.85517372431445,17.45934457358743
1952,325.1451747143902,342.6045192879776,17.45934457358743
1953,271.85168426847474,289.3110288420621,17.459344573587373
1954,398.06398394978373,380.6046393761965,-17.45934457358726
1955,398.06398394978373,380.6046393761965,-17.45934457358726
1956,210.11711580468932,227.57646037827675,17.45934457358743
1957,398.06398394978373,380.6046393761965,-17.45934457358726
1958,398.06398394978373,380.6046393761965,-17.45934457358726
1959,364.6948513550076,380.6046393761965,15.909788021188888
1960,196.69024821768494,214.14959279127237,17.45934457358743
1961,398.06398394978373,380.6046393761965,-17.45934457358726
1962,346.8440215401987,364.30336611378607,17.459344573587373
1963,398.06398394978373,380.6046393761965,-17.45934457358726
1964,160.57185393012574,178.03119850371317,17.45934457358743
1965,398.06398394978373,380.6046393761965,-17.45934457358726
1966,322.43993757415205,339.8992821477395,17.45934457358743
1967,398.06398394978373,380.6046393761965,-17.45934457358726
1968,243.33597342625467,260.7953179998421,17.45934457358743
1969,398.06398394978373,380.6046393761965,-17.45934457358726
1970,-8.127896017226746,9.331448556360684,17.45934457358743
1971,123.84247928639894,141.30182385998637,17.45934457358743
1972,-27.836080737838927,-10.376736164251497,17.45934457358743
1973,398.06398394978373,380.6046393761965,-17.45934457358726
1974,111.32137701422785,128.78072158781526,17.459344573587416
1975,86.73331359739983,104.19265817098726,17.45934457358743
1976,398.06398394978373,380.6046393761965,-17.45934457358726
1977,265.7994836740923,283.25882824767973,17.45934457358743
1978,332.47575852684724,349.93510310043473,17.459344573587487
1979,398.06398394978373,380.6046393761965,-17.45934457358726
1980,398.06398394978373,380.6046393761965,-17.45934457358726
1981,398.06398394978373,380.6046393761965,-17.45934457358726
1982,398.06398394978373,380.6046393761965,-17.45934457358726
1983,35.737887321400066,53.197231894987496,17.45934457358743
1984,398.06398394978373,380.6046393761965,-17.45934457358726
1985,398.06398394978373,380.6046393761965,-17.45934457358726
1986,398.06398394978373,380.6046393761965,-17.45934457358726
1987,17.782682701356734,35.242027274944164,17.45934457358743
1988,201.60115328426588,219.0604978578533,17.45934457358743
1989,254.63943513003275,272.09877970362015,17.4593445735874
1990,398.06398394978373,380.6046393761965,-17.45934457358726
1991,398.06398394978373,380.6046393761965,-17.45934457358726
1992,398.06398394978373,380.6046393761965,-17.45934457358726
1993,398.06398394978373,380.6046393761965,-17.45934457358726
1994,240.8674613769013,258.32680595048873,17.45934457358743
1995,128.68871385850713,146.14805843209456,17.45934457358743
1996,254.46125924902276,271.9206038226102,17.45934457358743
1997,398.06398394978373,380.6046393761965,-17.45934457358726
1998,202.8963524265417,220.35569700012914,17.45934457358743
1999,59.54201612400662,77.00136069759405,17.45934457358743
